gbifID,species,decimalLongitude,decimalLatitude,year,bio1_mean_temp_c,bio4_temp_season_c,bio11_mean_temp_coldest_c,bio19_precip_coldest_mm
6520718655,Lithobates pipiens,-68.788851,44.990948,2026,6.2838335037231445,1025.2115478515625,-6.815999984741211,244.0
6520635129,Lithobates pipiens,-67.845134,46.222778,2026,4.332333564758301,1104.598876953125,-9.975333213806152,236.0
6520016517,Lithobates pipiens,-67.89379,45.973465,2026,4.691999912261963,1082.0723876953125,-9.195333480834961,243.0
6519515940,Lithobates pipiens,-68.765251,44.823985,2026,7.00333309173584,1028.0465087890625,-6.188000202178955,257.0
6518356678,Lithobates pipiens,-68.806008,44.930442,2026,6.328499794006348,1025.414794921875,-6.774666786193848,246.0
6500349660,Lithobates pipiens,-68.614906,45.908233,2026,4.756999969482422,1090.1136474609375,-9.215999603271484,220.0
6500313448,Eurycea bislineata,-68.731542,44.970746,2026,6.284333229064941,1024.705322265625,-6.820000171661377,245.0
6500223721,Lithobates pipiens,-68.788333,44.890332,2026,6.487833023071289,1021.14892578125,-6.556666851043701,247.0
6500128885,Lithobates pipiens,-67.89811,45.973246,2026,4.691999912261963,1082.0723876953125,-9.195333480834961,243.0
6500111081,Eurycea bislineata,-69.160302,44.808829,2026,6.19516658782959,1021.9342651367188,-6.87066650390625,253.0
6500082157,Lithobates pipiens,-68.954239,45.248262,2026,5.605999946594238,1052.94580078125,-7.859333515167236,244.0
6500061937,Eurycea bislineata,-70.12628,43.857712,2026,7.3495001792907715,950.70849609375,-4.673333168029785,291.0
6499991795,Eurycea bislineata,-70.127734,44.675833,2026,5.76633358001709,1037.781982421875,-7.595333099365234,259.0
6499985659,Lithobates pipiens,-68.417894,44.923215,2026,6.067500114440918,1017.3220825195312,-6.943333148956299,275.0
6499968709,Lithobates pipiens,-69.390893,44.814155,2026,6.164000034332275,1030.1405029296875,-7.026000022888184,238.0
6499951682,Lithobates pipiens,-68.7612,44.92196,2026,6.360666751861572,1024.862060546875,-6.731333255767822,246.0
6499855419,Eurycea bislineata,-69.201683,46.232727,2026,3.4088332653045654,1117.116455078125,-10.97599983215332,199.0
6499845628,Lithobates pipiens,-68.750432,44.974618,2026,6.2838335037231445,1025.2115478515625,-6.815999984741211,244.0
6499838330,Eurycea bislineata,-68.498037,45.197574,2026,5.890833377838135,1039.5069580078125,-7.420666694641113,254.0
6499748828,Lithobates pipiens,-68.764139,44.827087,2026,7.00333309173584,1028.0465087890625,-6.188000202178955,257.0
6499745855,Eurycea bislineata,-70.12638,43.857983,2026,7.3495001792907715,950.70849609375,-4.673333168029785,291.0
6499260765,Lithobates pipiens,-68.746732,44.983528,2026,6.284333229064941,1024.705322265625,-6.820000171661377,245.0
6499091005,Eurycea bislineata,-69.077213,44.819948,2026,6.347833156585693,1017.979248046875,-6.676000118255615,255.0
6499026375,Lithobates pipiens,-68.615185,45.90843,2026,4.756999969482422,1090.1136474609375,-9.215999603271484,220.0
6499012564,Eurycea bislineata,-70.127712,44.675864,2026,5.76633358001709,1037.781982421875,-7.595333099365234,259.0
6498853898,Lithobates pipiens,-68.792168,44.972552,2026,6.293333053588867,1027.582275390625,-6.849999904632568,245.0
6498609637,Eurycea bislineata,-69.91826,45.629168,2026,3.6641666889190674,1096.9765625,-10.291333198547363,203.0
6498476671,Hemidactylium scutatum,-68.308146,44.322557,2026,,,,
6498112058,Lithobates pipiens,-68.615185,45.90843,2026,4.756999969482422,1090.1136474609375,-9.215999603271484,220.0
6481315581,Eurycea bislineata,-68.912086,45.914961,2026,1.7834999561309814,1074.402587890625,-11.720666885375977,272.0
6480970392,Eurycea bislineata,-70.905875,44.179103,2025,6.575833320617676,1012.11328125,-6.331333160400391,258.0
6480845275,Eurycea bislineata,-70.699137,43.22912,2026,8.121500015258789,918.7810668945312,-3.372666597366333,280.0
6480838422,Lithobates pipiens,-68.791539,44.90038,2026,6.487833023071289,1021.14892578125,-6.556666851043701,247.0
6480224228,Lithobates pipiens,-68.764468,44.893982,2026,6.487833023071289,1021.14892578125,-6.556666851043701,247.0
6480171085,Lithobates pipiens,-67.454147,45.18718,2026,5.983166694641113,1011.84228515625,-6.9773335456848145,279.0
6479754642,Eurycea bislineata,-68.911848,45.914894,2026,1.7834999561309814,1074.402587890625,-11.720666885375977,272.0
6470375975,Lithobates pipiens,-68.733925,44.8665,2026,6.577000141143799,1016.5341796875,-6.431999683380127,254.0
6452483071,Eurycea bislineata,-68.360255,44.473414,2026,,,,
6452050654,Lithobates pipiens,-68.763045,44.84104,2026,6.592499732971191,1020.1878662109375,-6.4720001220703125,253.0
6451940595,Eurycea bislineata,-68.325589,44.291583,2026,,,,
6451895100,Eurycea bislineata,-68.398782,44.342051,2026,7.1307291984558105,902.8276977539062,-4.276041507720947,351.0
6451894090,Eurycea bislineata,-68.393668,44.587378,2026,6.7813334465026855,988.9086303710938,-5.873332977294922,319.0
6451883689,Eurycea bislineata,-68.262866,44.496345,2026,6.839930534362793,939.297119140625,-5.137500286102295,347.0
6451760653,Eurycea bislineata,-68.31956,44.406937,2026,7.011833190917969,935.604248046875,-4.877999782562256,357.0
6451746479,Lithobates pipiens,-68.376627,44.508751,2026,6.832833290100098,966.325927734375,-5.491333484649658,335.0
6451732790,Eurycea bislineata,-68.323443,44.292322,2026,,,,
6451707661,Eurycea bislineata,-68.265605,44.525914,2026,,,,
6451650908,Lithobates pipiens,-68.78022,44.989555,2026,6.2838335037231445,1025.2115478515625,-6.815999984741211,244.0
6451644717,Lithobates pipiens,-68.61477,45.907957,2026,4.756999969482422,1090.1136474609375,-9.215999603271484,220.0
6451574354,Eurycea bislineata,-68.209876,44.266842,2026,,,,
6441622602,Lithobates pipiens,-67.89811,45.973246,2026,4.691999912261963,1082.0723876953125,-9.195333480834961,243.0
6441410818,Eurycea bislineata,-68.226074,44.631316,2026,6.525500297546387,990.8289184570312,-6.176000118255615,330.0
6441343587,Lithobates pipiens,-67.921312,46.642513,2026,3.7704999446868896,1126.90234375,-10.745333671569824,192.0
6441021579,Eurycea bislineata,-70.662178,44.38028,2026,5.840666770935059,1022.7996826171875,-7.231333255767822,246.0
6431549973,Eurycea bislineata,-70.22834,43.87558,2026,7.198333263397217,965.715087890625,-5.0413336753845215,287.0
6431031083,Lithobates pipiens,-68.75849,44.8419,2026,6.592499732971191,1020.1878662109375,-6.4720001220703125,253.0
6423199895,Hemidactylium scutatum,-70.752022,43.39418,2026,7.711166858673096,952.84716796875,-4.320000171661377,288.0
6423082937,Eurycea bislineata,-68.725525,44.736452,2026,6.654333114624023,1004.6091918945312,-6.202000141143799,272.0
6422563738,Eurycea bislineata,-69.530914,44.046478,2026,,,,
6422480896,Lithobates pipiens,-68.230119,45.919518,2026,4.760833263397217,1089.00244140625,-9.203332901000977,229.0
6422455024,Hemidactylium scutatum,-68.241945,44.381928,2026,6.991421699523926,945.6722412109375,-5.050980567932129,369.0
6413738083,Lithobates pipiens,-67.887909,45.973206,2026,4.691999912261963,1082.0723876953125,-9.195333480834961,243.0
6413733445,Hemidactylium scutatum,-68.242913,44.381205,2026,6.991421699523926,945.6722412109375,-5.050980567932129,369.0
6400473315,Eurycea bislineata,-70.212945,43.747334,2026,7.533522605895996,934.5509643554688,-4.259090900421143,291.0
6400376360,Lithobates pipiens,-70.401991,45.206297,2025,4.15500020980835,1072.3448486328125,-9.577333450317383,216.0
6400282758,Eurycea bislineata,-68.524616,46.169384,2026,3.554666757583618,1115.169189453125,-10.836666107177734,212.0
6399732473,Eurycea bislineata,-68.98842,45.246205,2026,5.611666679382324,1052.0556640625,-7.829999923706055,242.0
6399189883,Eurycea bislineata,-70.783243,43.450006,2026,7.79116678237915,964.0722045898438,-4.4079999923706055,288.0
6399088502,Lithobates pipiens,-68.488171,45.142717,2026,5.947999954223633,1034.2861328125,-7.285333633422852,255.0
6398917735,Eurycea bislineata,-68.49713,46.070982,2026,3.9056665897369385,1099.3494873046875,-10.300666809082031,217.0
6353429820,Lithobates pipiens,-68.71427,44.907233,2026,6.447999954223633,1016.3721923828125,-6.537999629974365,248.0
6353158460,Lithobates pipiens,-68.722505,44.903199,2026,6.447999954223633,1016.3721923828125,-6.537999629974365,248.0
6334872366,Eurycea bislineata,-70.347123,44.156302,2026,6.4691667556762695,998.4803466796875,-6.262666702270508,281.0
6334440704,Lithobates pipiens,-68.72206,44.903467,2026,6.447999954223633,1016.3721923828125,-6.537999629974365,248.0
6334157335,Lithobates pipiens,-68.674637,44.915087,2026,6.562333106994629,1017.734375,-6.459333419799805,248.0
6334077903,Hemidactylium scutatum,-68.668522,44.917753,2026,6.475833415985107,1022.7228393554688,-6.615333557128906,244.0
6333935700,Lithobates pipiens,-68.753212,44.857985,2026,6.592499732971191,1020.1878662109375,-6.4720001220703125,253.0
6333859461,Lithobates pipiens,-68.057328,46.69697,2026,3.9103333950042725,1128.9730224609375,-10.691333770751953,185.0
6321231452,Eurycea bislineata,-70.419079,43.794666,2026,7.138999938964844,976.42626953125,-5.279333114624023,286.0
6321213529,Hemidactylium scutatum,-68.213536,44.477657,2026,,,,
6321069706,Eurycea bislineata,-70.504257,44.123566,2026,6.597499847412109,999.1660766601562,-6.131999969482422,274.0
6320992427,Lithobates pipiens,-68.755058,45.286067,2021,5.67383337020874,1048.72607421875,-7.7273335456848145,243.0
6320970767,Lithobates pipiens,-68.781603,44.99102,2026,6.2838335037231445,1025.2115478515625,-6.815999984741211,244.0
6320933042,Eurycea bislineata,-70.981838,44.089961,2026,6.5911664962768555,1019.6726684570312,-6.451333522796631,269.0
6320893922,Lithobates pipiens,-68.78134,44.990731,2026,6.2838335037231445,1025.2115478515625,-6.815999984741211,244.0
6320714042,Hemidactylium scutatum,-68.236149,44.365691,2026,6.523499965667725,944.4188232421875,-5.471333026885986,387.0
6320585041,Eurycea bislineata,-69.148789,44.231963,2026,6.7704997062683105,946.8226928710938,-5.263333320617676,309.0
6320331999,Lithobates pipiens,-68.614825,45.908301,2024,4.756999969482422,1090.1136474609375,-9.215999603271484,220.0
6320259544,Eurycea bislineata,-70.156569,43.916512,2026,7.231166839599609,956.431884765625,-4.883333206176758,290.0
6320209909,Lithobates pipiens,-68.781399,44.990864,2026,6.2838335037231445,1025.2115478515625,-6.815999984741211,244.0
6320192434,Lithobates pipiens,-68.781605,44.991037,2026,6.2838335037231445,1025.2115478515625,-6.815999984741211,244.0
6274143419,Eurycea bislineata,-69.647907,44.562999,2026,6.94350004196167,1025.3370361328125,-6.173333168029785,231.0
6274130531,Eurycea bislineata,-70.715288,43.529674,2026,7.458666801452637,959.37890625,-4.706666946411133,291.0
6273998463,Eurycea bislineata,-69.659425,44.561683,2026,6.94350004196167,1025.3370361328125,-6.173333168029785,231.0
6273988454,Eurycea bislineata,-70.347123,44.156302,2026,6.4691667556762695,998.4803466796875,-6.262666702270508,281.0
6273564499,Eurycea bislineata,-69.666806,44.565028,2026,6.686166763305664,1022.3525390625,-6.386000156402588,230.0
6273554859,Eurycea bislineata,-69.665148,44.562581,2026,6.94350004196167,1025.3370361328125,-6.173333168029785,231.0
6253333609,Lithobates pipiens,-68.752819,44.80753,2026,7.00333309173584,1028.0465087890625,-6.188000202178955,257.0
6253180637,Hemidactylium scutatum,-68.257886,44.215308,2026,,,,
6251547231,Hemidactylium scutatum,-68.727601,44.89017,2026,6.447999954223633,1016.3721923828125,-6.537999629974365,248.0
6236541866,Lithobates pipiens,-68.674629,44.91507,2026,6.562333106994629,1017.734375,-6.459333419799805,248.0
6236418737,Lithobates pipiens,-68.668838,44.877673,2026,6.562333106994629,1017.734375,-6.459333419799805,248.0
6236409331,Hemidactylium scutatum,-68.684009,44.921578,2026,6.475833415985107,1022.7228393554688,-6.615333557128906,244.0
6236373954,Eurycea bislineata,-68.753687,44.716563,2026,6.747833251953125,1006.8766479492188,-6.134666919708252,268.0
6236326562,Hemidactylium scutatum,-68.738713,44.973329,2026,6.284333229064941,1024.705322265625,-6.820000171661377,245.0
6236274933,Hemidactylium scutatum,-68.257256,44.524711,2026,,,,
6236269826,Hemidactylium scutatum,-68.664928,44.911207,2026,6.609499931335449,1018.5863647460938,-6.425333499908447,249.0
6236262057,Eurycea bislineata,-68.766095,44.827246,2026,7.00333309173584,1028.0465087890625,-6.188000202178955,257.0
6236258751,Hemidactylium scutatum,-68.322767,44.488187,2026,6.888999938964844,951.5165405273438,-5.26533317565918,346.0
6236258713,Hemidactylium scutatum,-68.708049,44.944784,2026,6.475833415985107,1022.7228393554688,-6.615333557128906,244.0
6236237615,Hemidactylium scutatum,-68.663426,44.909353,2026,6.609499931335449,1018.5863647460938,-6.425333499908447,249.0
6236144407,Hemidactylium scutatum,-70.857353,44.196292,2026,6.3125,1006.4719848632812,-6.52400016784668,264.0
6236030753,Eurycea bislineata,-70.532387,43.556793,2025,7.5329999923706055,950.1115112304688,-4.498666763305664,284.0
6235927913,Hemidactylium scutatum,-68.794216,44.818237,2026,6.762666702270508,1022.8121948242188,-6.334666728973389,258.0
6235839493,Hemidactylium scutatum,-68.66334,44.909656,2026,6.609499931335449,1018.5863647460938,-6.425333499908447,249.0
6235831293,Hemidactylium scutatum,-68.670303,44.910203,2026,6.562333106994629,1017.734375,-6.459333419799805,248.0
6235809354,Hemidactylium scutatum,-68.534942,44.972338,2026,6.1536664962768555,1020.2416381835938,-6.891333103179932,259.0
6235806644,Hemidactylium scutatum,-68.667373,44.91401,2026,6.562333106994629,1017.734375,-6.459333419799805,248.0
6235692907,Hemidactylium scutatum,-68.332968,44.353741,2026,,,,
6235668672,Hemidactylium scutatum,-68.732271,44.910729,2026,6.447999954223633,1016.3721923828125,-6.537999629974365,248.0
6235647687,Eurycea bislineata,-69.978373,44.281615,2026,7.016666412353516,1008.1531372070312,-5.848666667938232,259.0
6235634875,Hemidactylium scutatum,-68.324133,44.393682,2026,7.011833190917969,935.604248046875,-4.877999782562256,357.0
6235627926,Eurycea bislineata,-69.947395,44.228593,2026,7.130166530609131,1003.1016235351562,-5.6593337059021,262.0
6235613009,Hemidactylium scutatum,-68.669853,44.908028,2026,6.562333106994629,1017.734375,-6.459333419799805,248.0
6235530581,Hemidactylium scutatum,-68.692501,44.848406,2026,6.613666534423828,1014.6782836914062,-6.380000114440918,252.0
6235522745,Hemidactylium scutatum,-68.234014,44.420449,2026,,,,
6235507428,Hemidactylium scutatum,-68.662504,44.979238,2026,6.353333473205566,1025.885986328125,-6.785333156585693,247.0
6235371726,Lithobates pipiens,-70.420822,45.168105,2025,4.184166431427002,1077.7916259765625,-9.63800048828125,215.0
6235328894,Hemidactylium scutatum,-68.7615,44.809383,2026,7.00333309173584,1028.0465087890625,-6.188000202178955,257.0
6235326808,Hemidactylium scutatum,-68.629165,44.914509,2026,6.609499931335449,1018.5863647460938,-6.425333499908447,249.0
6235287785,Hemidactylium scutatum,-70.686767,43.272142,2026,8.07349967956543,927.5001220703125,-3.556000232696533,278.0
6235228273,Hemidactylium scutatum,-68.624608,44.924953,2026,6.395166873931885,1022.69384765625,-6.693999767303467,252.0
6235031662,Eurycea bislineata,-69.881473,44.307703,2026,6.9618330001831055,1008.0593872070312,-5.87666654586792,253.0
6235008041,Hemidactylium scutatum,-70.374107,43.683891,2026,7.69350004196167,959.7823486328125,-4.504666805267334,288.0
6234807670,Hemidactylium scutatum,-68.627515,44.205679,2026,,,,
6234754909,Hemidactylium scutatum,-68.744461,44.995944,2026,6.284333229064941,1024.705322265625,-6.820000171661377,245.0
6234716790,Hemidactylium scutatum,-68.678283,44.895749,2026,6.562333106994629,1017.734375,-6.459333419799805,248.0
6234704803,Hemidactylium scutatum,-68.781495,44.875738,2026,6.487833023071289,1021.14892578125,-6.556666851043701,247.0
6234611524,Eurycea bislineata,-69.966677,44.369215,2026,6.677000045776367,1013.7905883789062,-6.261333465576172,259.0
6234580302,Hemidactylium scutatum,-70.862719,44.193734,2026,6.3125,1006.4719848632812,-6.52400016784668,264.0
6234497328,Hemidactylium scutatum,-68.704824,44.90494,2026,6.562333106994629,1017.734375,-6.459333419799805,248.0
6234476005,Hemidactylium scutatum,-68.755072,44.719367,2026,6.747833251953125,1006.8766479492188,-6.134666919708252,268.0
6234426953,Eurycea bislineata,-68.684088,44.87777,2026,6.562333106994629,1017.734375,-6.459333419799805,248.0
6234381812,Eurycea bislineata,-68.725412,44.737006,2026,6.654333114624023,1004.6091918945312,-6.202000141143799,272.0
6234341505,Hemidactylium scutatum,-68.774316,44.81762,2026,7.00333309173584,1028.0465087890625,-6.188000202178955,257.0
6234259244,Hemidactylium scutatum,-68.333258,44.368931,2026,,,,
6234168684,Eurycea bislineata,-69.810659,44.29108,2026,7.03849983215332,1002.0171508789062,-5.731333255767822,255.0
6195838413,Hemidactylium scutatum,-70.377447,43.688487,2026,7.487333297729492,961.6553344726562,-4.74066686630249,285.0
6195640971,Hemidactylium scutatum,-68.664174,44.910631,2026,6.609499931335449,1018.5863647460938,-6.425333499908447,249.0
6195542729,Hemidactylium scutatum,-69.525505,44.115323,2026,7.3451666831970215,953.9645385742188,-4.776000022888184,277.0
6188645594,Hemidactylium scutatum,-68.312075,44.594265,2026,6.648833274841309,979.3847045898438,-5.894000053405762,327.0
6188527318,Hemidactylium scutatum,-68.31206,44.406468,2026,7.011833190917969,935.604248046875,-4.877999782562256,357.0
6188436974,Hemidactylium scutatum,-68.232435,44.409277,2026,6.991421699523926,945.6722412109375,-5.050980567932129,369.0
6188391044,Hemidactylium scutatum,-68.218369,44.512094,2026,6.771041393280029,937.2129516601562,-5.170833587646484,344.0
6188211273,Hemidactylium scutatum,-69.12919,44.218796,2026,6.7704997062683105,946.8226928710938,-5.263333320617676,309.0
6188014459,Hemidactylium scutatum,-68.228068,44.37442,2026,6.523499965667725,944.4188232421875,-5.471333026885986,387.0
6188012764,Eurycea bislineata,-68.723369,44.737141,2026,6.654333114624023,1004.6091918945312,-6.202000141143799,272.0
6187946719,Hemidactylium scutatum,-68.182989,44.351144,2026,6.956127166748047,919.78564453125,-4.695097923278809,374.0
6187905767,Hemidactylium scutatum,-68.342695,44.52528,2026,6.8438334465026855,972.4920043945312,-5.599999904632568,337.0
6186098239,Hemidactylium scutatum,-68.286045,44.592542,2026,6.628499984741211,976.6722412109375,-5.880666732788086,332.0
6186039388,Hemidactylium scutatum,-68.253098,44.219401,2026,,,,
6185860330,Hemidactylium scutatum,-68.322533,44.413619,2026,7.011833190917969,935.604248046875,-4.877999782562256,357.0
6185860329,Hemidactylium scutatum,-68.229514,44.484806,2026,,,,
6185303185,Hemidactylium scutatum,-68.389127,44.598148,2026,6.7813334465026855,988.9086303710938,-5.873332977294922,319.0
6184915161,Hemidactylium scutatum,-68.896533,44.893304,2026,6.3441667556762695,1022.1981201171875,-6.725333213806152,249.0
6184911614,Eurycea bislineata,-69.652863,44.559688,2025,6.94350004196167,1025.3370361328125,-6.173333168029785,231.0
6184774353,Hemidactylium scutatum,-68.366609,44.328962,2026,6.921166896820068,925.7542724609375,-4.822666645050049,365.0
6179240396,Lithobates pipiens,-67.821755,45.793676,2024,5.037499904632568,1073.1669921875,-8.708666801452637,252.0
6130762752,Lithobates pipiens,-68.232061,47.188149,2024,3.19183349609375,1148.9033203125,-11.73466682434082,245.0
5935378222,Eurycea bislineata,-69.892411,43.851264,2025,,,,
5935264184,Eurycea bislineata,-69.892456,43.851303,2025,,,,
5904001741,Lithobates pipiens,-68.784204,44.989405,2025,6.2838335037231445,1025.2115478515625,-6.815999984741211,244.0
5897552820,Lithobates pipiens,-70.195092,44.239606,2024,6.722833156585693,1005.3626098632812,-6.095333099365234,271.0
5897499106,Eurycea bislineata,-70.534037,43.556887,2025,7.5329999923706055,950.1115112304688,-4.498666763305664,284.0
5892947109,Lithobates pipiens,-69.386283,44.795333,2025,6.164000034332275,1030.1405029296875,-7.026000022888184,238.0
5868270445,Lithobates pipiens,-68.417751,46.066924,2025,3.9665000438690186,1102.7777099609375,-10.296667098999023,220.0
5868071218,Lithobates pipiens,-68.481204,46.068053,2025,3.9056665897369385,1099.3494873046875,-10.300666809082031,217.0
5867831466,Lithobates pipiens,-68.76571,44.823186,2025,7.00333309173584,1028.0465087890625,-6.188000202178955,257.0
5867722067,Lithobates pipiens,-68.434023,46.095991,2025,3.7016665935516357,1108.703125,-10.609333038330078,220.0
5844621073,Lithobates pipiens,-68.575367,46.100816,2025,3.871666669845581,1114.9013671875,-10.506667137145996,215.0
5844593666,Lithobates pipiens,-68.471579,46.146591,2025,3.5934998989105225,1115.5302734375,-10.799333572387695,216.0
5844398471,Eurycea bislineata,-68.81095,45.718285,2025,4.877500057220459,1092.3585205078125,-9.068666458129883,222.0
5844207351,Lithobates pipiens,-68.409403,46.187324,2025,3.7306666374206543,1117.344482421875,-10.724666595458984,212.0
5844175892,Lithobates pipiens,-68.50568,46.049136,2025,3.862333297729492,1102.995849609375,-10.37266731262207,217.0
5844107968,Lithobates pipiens,-68.440747,46.111223,2025,3.7016665935516357,1108.703125,-10.609333038330078,220.0
5844047016,Lithobates pipiens,-68.528697,46.167285,2025,3.554666757583618,1115.169189453125,-10.836666107177734,212.0
5843962391,Lithobates pipiens,-68.575018,46.046209,2025,3.866499900817871,1108.488037109375,-10.423333168029785,218.0
5843942998,Eurycea bislineata,-68.725162,44.736971,2025,6.654333114624023,1004.6091918945312,-6.202000141143799,272.0
5840152212,Lithobates pipiens,-67.937914,45.774129,2025,5.0960001945495605,1070.60009765625,-8.628000259399414,248.0
5838378524,Eurycea bislineata,-69.624322,44.135076,2025,7.195333003997803,965.7000122070312,-5.088666915893555,270.0
5838342467,Eurycea bislineata,-68.911847,45.914873,2025,1.7834999561309814,1074.402587890625,-11.720666885375977,272.0
5838277046,Eurycea bislineata,-71.042939,45.120339,2025,2.822666645050049,1070.1201171875,-10.842666625976562,268.0
5838048423,Eurycea bislineata,-69.671804,44.56584,2025,6.686166763305664,1022.3525390625,-6.386000156402588,230.0
5837990444,Eurycea bislineata,-69.456241,44.335358,2025,6.854833126068115,980.0706787109375,-5.609333515167236,264.0
5837973198,Eurycea bislineata,-68.911843,45.914893,2025,1.7834999561309814,1074.402587890625,-11.720666885375977,272.0
5837830088,Eurycea bislineata,-69.456828,44.332215,2025,6.805500030517578,973.4744262695312,-5.561999797821045,271.0
5837801832,Eurycea bislineata,-69.624216,44.135342,2025,7.195333003997803,965.7000122070312,-5.088666915893555,270.0
5830725594,Eurycea bislineata,-71.013022,44.988481,2025,3.7220001220703125,1067.283935546875,-9.973333358764648,212.0
5830725255,Eurycea bislineata,-68.911843,45.914893,2025,1.7834999561309814,1074.402587890625,-11.720666885375977,272.0
5830674857,Lithobates pipiens,-69.036019,45.035325,2025,5.943666458129883,1039.8004150390625,-7.353333473205566,247.0
5830384197,Lithobates pipiens,-68.675406,44.880579,2025,6.562333106994629,1017.734375,-6.459333419799805,248.0
5828837740,Lithobates pipiens,-68.741409,44.899658,2025,6.447999954223633,1016.3721923828125,-6.537999629974365,248.0
5828800487,Eurycea bislineata,-69.037529,45.903179,2025,3.693333387374878,1090.853271484375,-10.239333152770996,210.0
5828715554,Eurycea bislineata,-70.063217,43.939228,2025,7.17983341217041,959.4861450195312,-4.974666595458984,292.0
5828656681,Eurycea bislineata,-69.153138,46.059011,2025,3.078500270843506,1107.81298828125,-11.161333084106445,207.0
5828624629,Eurycea bislineata,-70.683228,43.277679,2025,8.07349967956543,927.5001220703125,-3.556000232696533,278.0
5828570052,Lithobates pipiens,-68.43034,44.993791,2025,6.021833419799805,1021.2091064453125,-7.047333240509033,271.0
5828550323,Eurycea bislineata,-70.810172,44.949278,2025,4.1641669273376465,1058.6600341796875,-9.324666976928711,205.0
5828369932,Eurycea bislineata,-68.505608,44.847223,2025,6.3454999923706055,1008.6625366210938,-6.546666622161865,269.0
5828349670,Lithobates pipiens,-68.611939,44.900835,2025,6.424000263214111,1014.4024658203125,-6.549333095550537,254.0
5828333820,Eurycea bislineata,-68.40761,44.874112,2025,6.05649995803833,1006.8467407226562,-6.817999839782715,295.0
5828254995,Eurycea bislineata,-68.530489,44.837015,2025,6.3454999923706055,1008.6625366210938,-6.546666622161865,269.0
5828182372,Lithobates pipiens,-68.6699,44.879946,2025,6.562333106994629,1017.734375,-6.459333419799805,248.0
5828147994,Lithobates pipiens,-68.72425,44.899703,2025,6.447999954223633,1016.3721923828125,-6.537999629974365,248.0
5828140294,Lithobates pipiens,-68.724942,44.899405,2025,6.447999954223633,1016.3721923828125,-6.537999629974365,248.0
5828038867,Hemidactylium scutatum,-68.68759,44.908888,2025,6.562333106994629,1017.734375,-6.459333419799805,248.0
5827852458,Lithobates pipiens,-69.271399,46.426886,2025,3.251499891281128,1123.9796142578125,-11.2413330078125,199.0
5827800720,Eurycea bislineata,-70.532945,43.558237,2025,7.5329999923706055,950.1115112304688,-4.498666763305664,284.0
5827658586,Eurycea bislineata,-68.514896,44.96381,2025,6.1536664962768555,1020.2416381835938,-6.891333103179932,259.0
5827641207,Lithobates pipiens,-68.004405,46.618521,2025,3.691499948501587,1117.73388671875,-10.723999977111816,188.0
5827600554,Eurycea bislineata,-68.523514,44.940355,2025,6.195666790008545,1016.8553466796875,-6.794000148773193,262.0
5827515646,Eurycea bislineata,-70.764452,44.419698,2025,5.695499897003174,1024.6385498046875,-7.38866662979126,234.0
5827367037,Eurycea bislineata,-68.533912,44.945391,2025,6.195666790008545,1016.8553466796875,-6.794000148773193,262.0
5760990347,Lithobates pipiens,-68.723317,44.899625,2025,6.447999954223633,1016.3721923828125,-6.537999629974365,248.0
5760730269,Lithobates pipiens,-68.723511,44.898246,2025,6.447999954223633,1016.3721923828125,-6.537999629974365,248.0
5760717408,Lithobates pipiens,-68.724247,44.899286,2025,6.447999954223633,1016.3721923828125,-6.537999629974365,248.0
5760704080,Lithobates pipiens,-68.724268,44.899324,2025,6.447999954223633,1016.3721923828125,-6.537999629974365,248.0
5760684850,Eurycea bislineata,-67.190582,44.938578,2025,6.165333271026611,964.0193481445312,-6.164666652679443,300.0
5760553617,Eurycea bislineata,-68.226569,44.346109,2025,6.523499965667725,944.4188232421875,-5.471333026885986,387.0
5759876528,Lithobates pipiens,-68.724745,44.900247,2025,6.447999954223633,1016.3721923828125,-6.537999629974365,248.0
5759779999,Lithobates pipiens,-68.724651,44.900334,2025,6.447999954223633,1016.3721923828125,-6.537999629974365,248.0
5759774649,Lithobates pipiens,-67.331473,44.780638,2025,6.225333213806152,956.9171142578125,-6.0273332595825195,319.0
5759612657,Lithobates pipiens,-68.72503,44.899395,2025,6.447999954223633,1016.3721923828125,-6.537999629974365,248.0
5293308128,Lithobates pipiens,-68.438185,46.06087,2025,3.9665000438690186,1102.7777099609375,-10.296667098999023,220.0
5293181645,Eurycea bislineata,-68.757663,44.830286,2025,7.00333309173584,1028.0465087890625,-6.188000202178955,257.0
5293152529,Eurycea bislineata,-68.424563,45.016524,2025,5.960166931152344,1021.2890625,-7.0926666259765625,268.0
5293016937,Eurycea bislineata,-68.402164,44.881598,2025,5.852666854858398,1011.135498046875,-7.076666831970215,294.0
5293006704,Eurycea bislineata,-69.075045,45.911966,2025,3.7096667289733887,1095.42041015625,-10.291333198547363,208.0
5292840728,Lithobates pipiens,-68.490616,46.147263,2025,3.5934998989105225,1115.5302734375,-10.799333572387695,216.0
5292784176,Eurycea bislineata,-68.479624,44.850296,2025,6.195833206176758,1006.4232177734375,-6.6620001792907715,281.0
5292555540,Eurycea bislineata,-68.526722,44.860264,2025,6.3454999923706055,1008.6625366210938,-6.546666622161865,269.0
5292386344,Eurycea bislineata,-68.574701,44.8064,2025,6.529333114624023,1011.2703857421875,-6.420666694641113,270.0
5292345718,Lithobates pipiens,-68.71547,44.908847,2025,6.447999954223633,1016.3721923828125,-6.537999629974365,248.0
5292284305,Eurycea bislineata,-68.684334,44.825733,2025,6.645833492279053,1010.9633178710938,-6.298666477203369,258.0
5292253302,Eurycea bislineata,-68.536476,44.999085,2025,6.1536664962768555,1020.2416381835938,-6.891333103179932,259.0
5291933096,Hemidactylium scutatum,-68.677345,44.928213,2025,6.475833415985107,1022.7228393554688,-6.615333557128906,244.0
5282238965,Lithobates pipiens,-68.442244,46.073089,2025,3.9665000438690186,1102.7777099609375,-10.296667098999023,220.0
5281814210,Lithobates pipiens,-68.251854,44.719753,2025,6.3429999351501465,995.1388549804688,-6.400000095367432,315.0
5238273874,Eurycea bislineata,-70.906967,45.227888,2025,2.304333209991455,1068.974853515625,-11.305999755859375,294.0
5238150085,Eurycea bislineata,-68.536055,44.97118,2025,6.1536664962768555,1020.2416381835938,-6.891333103179932,259.0
5237814747,Eurycea bislineata,-67.5185,44.722205,2025,6.229666709899902,959.074462890625,-6.048666954040527,330.0
5237664879,Eurycea bislineata,-70.89727,45.235517,2025,2.304333209991455,1068.974853515625,-11.305999755859375,294.0
5237491709,Eurycea bislineata,-69.45446,44.851787,2025,6.051666736602783,1034.276611328125,-7.202000141143799,237.0
5231078356,Eurycea bislineata,-68.911925,45.915001,2025,1.7834999561309814,1074.402587890625,-11.720666885375977,272.0
5230724479,Lithobates pipiens,-68.718729,44.906258,2025,6.447999954223633,1016.3721923828125,-6.537999629974365,248.0
5217536279,Hemidactylium scutatum,-69.622875,44.00858,2025,7.549801349639893,934.3531494140625,-4.264285564422607,279.0
5217446325,Lithobates pipiens,-69.420362,44.790345,2025,6.108333587646484,1025.5303955078125,-7.009333610534668,240.0
5217034422,Lithobates pipiens,-68.717987,44.772597,2025,6.7813334465026855,1015.2465209960938,-6.22599983215332,264.0
5216890650,Lithobates pipiens,-69.286553,45.261356,2025,5.322999954223633,1058.7373046875,-8.135333061218262,241.0
5216474517,Lithobates pipiens,-67.903215,45.973388,2025,4.691999912261963,1082.0723876953125,-9.195333480834961,243.0
5216261277,Lithobates pipiens,-69.273963,44.247939,2025,7.163333415985107,959.0667114257812,-5.064666748046875,285.0
5216140964,Lithobates pipiens,-68.711742,45.153485,2025,5.920333385467529,1036.9659423828125,-7.328000068664551,244.0
5206632885,Eurycea bislineata,-68.91193,45.915005,2025,1.7834999561309814,1074.402587890625,-11.720666885375977,272.0
5206625737,Lithobates pipiens,-69.271778,45.08562,2025,5.3383331298828125,1047.144287109375,-8.03066635131836,253.0
5206551764,Eurycea bislineata,-70.534163,43.556617,2025,7.5329999923706055,950.1115112304688,-4.498666763305664,284.0
5206323740,Lithobates pipiens,-68.724316,44.893037,2025,6.447999954223633,1016.3721923828125,-6.537999629974365,248.0
5206204775,Eurycea bislineata,-70.534058,43.557933,2025,7.5329999923706055,950.1115112304688,-4.498666763305664,284.0
5205925664,Eurycea bislineata,-70.533762,43.557237,2025,7.5329999923706055,950.1115112304688,-4.498666763305664,284.0
5199248535,Eurycea bislineata,-69.796596,44.278213,2025,7.03849983215332,1002.0171508789062,-5.731333255767822,255.0
5199204677,Lithobates pipiens,-68.543512,44.954503,2025,6.275833606719971,1018.7763671875,-6.756666660308838,256.0
5199028499,Lithobates pipiens,-68.531412,45.018181,2025,6.12333345413208,1026.37744140625,-7.01800012588501,257.0
5198520113,Eurycea bislineata,-70.859938,44.268872,2025,6.033666610717773,1008.1093139648438,-6.827333450317383,256.0
5198455178,Lithobates pipiens,-69.127434,45.287533,2025,5.301166534423828,1056.2548828125,-8.184666633605957,246.0
5187567811,Hemidactylium scutatum,-68.724473,44.893103,2025,6.447999954223633,1016.3721923828125,-6.537999629974365,248.0
5177281399,Lithobates pipiens,-68.725312,44.899503,2024,6.447999954223633,1016.3721923828125,-6.537999629974365,248.0
5176746548,Lithobates pipiens,-68.722045,44.903452,2022,6.447999954223633,1016.3721923828125,-6.537999629974365,248.0
5176622804,Eurycea bislineata,-69.961928,43.900263,2025,7.499833106994629,951.3106079101562,-4.544000148773193,294.0
5176571023,Hemidactylium scutatum,-68.186389,44.346617,2025,6.956127166748047,919.78564453125,-4.695097923278809,374.0
5176434929,Hemidactylium scutatum,-68.185728,44.343422,2025,6.956127166748047,919.78564453125,-4.695097923278809,374.0
5176372809,Lithobates pipiens,-68.222733,46.635387,2025,3.5191667079925537,1130.8114013671875,-11.146666526794434,190.0
5168528822,Lithobates pipiens,-69.105049,45.239802,2025,5.378000259399414,1053.853759765625,-8.083999633789062,248.0
5168395428,Eurycea bislineata,-68.425144,46.024622,2025,4.181333541870117,1103.3931884765625,-10.098000526428223,218.0
5167205837,Lithobates pipiens,-68.540341,46.071145,2025,3.862333297729492,1102.995849609375,-10.37266731262207,217.0
5167153161,Hemidactylium scutatum,-70.690559,43.280056,2025,8.07349967956543,927.5001220703125,-3.556000232696533,278.0
5154935154,Hemidactylium scutatum,-69.419426,43.987581,2025,7.5020833015441895,911.857177734375,-4.017592430114746,289.0
5154595482,Hemidactylium scutatum,-69.550621,43.973191,2025,,,,
5153894460,Eurycea bislineata,-68.542175,44.966537,2025,6.215666770935059,1022.820556640625,-6.889999866485596,254.0
5153767927,Eurycea bislineata,-68.542358,44.966072,2025,6.215666770935059,1022.820556640625,-6.889999866485596,254.0
5153646421,Hemidactylium scutatum,-69.419533,43.987087,2025,7.5020833015441895,911.857177734375,-4.017592430114746,289.0
5153554566,Hemidactylium scutatum,-70.395012,43.453869,2025,7.86566686630249,900.4729614257812,-3.4240000247955322,287.0
5145926094,Lithobates pipiens,-68.919433,45.029515,2022,6.112333297729492,1037.829345703125,-7.168000221252441,244.0
5145925476,Lithobates pipiens,-68.89364,45.012708,2022,6.115166664123535,1032.8228759765625,-7.095333576202393,243.0
5145925472,Lithobates pipiens,-68.916128,45.023533,2022,6.115166664123535,1032.8228759765625,-7.095333576202393,243.0
5145925470,Lithobates pipiens,-68.895552,45.016226,2022,6.115166664123535,1032.8228759765625,-7.095333576202393,243.0
5145920393,Lithobates pipiens,-68.148469,46.767893,2022,3.7306666374206543,1140.508056640625,-11.063333511352539,192.0
5145920389,Lithobates pipiens,-68.143562,46.763919,2022,3.7306666374206543,1140.508056640625,-11.063333511352539,192.0
5145920382,Lithobates pipiens,-68.155339,46.776032,2022,3.7306666374206543,1140.508056640625,-11.063333511352539,192.0
5145920331,Lithobates pipiens,-67.857969,46.702716,2022,3.684166669845581,1124.2733154296875,-10.788000106811523,208.0
5145920303,Lithobates pipiens,-67.898408,46.684262,2022,3.7249999046325684,1127.2703857421875,-10.790666580200195,200.0
5141130332,Hemidactylium scutatum,-68.705623,44.198103,2025,7.2838544845581055,886.86328125,-3.9395833015441895,331.0
5140896078,Eurycea bislineata,-69.873241,44.366987,2025,6.7773332595825195,1008.4127807617188,-6.078000068664551,252.0
5140648904,Eurycea bislineata,-69.705571,44.170848,2025,7.145833492279053,980.2943725585938,-5.3460001945495605,263.0
5140596889,Lithobates pipiens,-67.910019,46.419446,2025,3.998666524887085,1102.0888671875,-10.230666160583496,213.0
5140573632,Hemidactylium scutatum,-70.006547,43.894163,2025,7.3520002365112305,946.6617431640625,-4.62066650390625,293.0
5139975285,Eurycea bislineata,-68.594769,47.254205,2024,,,,
5134856863,Hemidactylium scutatum,-68.667892,44.9146,2025,6.562333106994629,1017.734375,-6.459333419799805,248.0
5134711717,Hemidactylium scutatum,-69.385095,44.447308,2025,6.376500129699707,987.0676879882812,-6.163333415985107,271.0
5134574012,Hemidactylium scutatum,-68.669075,44.918422,2025,6.475833415985107,1022.7228393554688,-6.615333557128906,244.0
5134573484,Lithobates pipiens,-69.191496,45.199159,2023,5.429500102996826,1057.1693115234375,-8.098000526428223,251.0
5134538750,Hemidactylium scutatum,-68.667647,44.914292,2025,6.562333106994629,1017.734375,-6.459333419799805,248.0
5134522905,Hemidactylium scutatum,-68.66735,44.916275,2025,6.562333106994629,1017.734375,-6.459333419799805,248.0
5134522903,Hemidactylium scutatum,-68.6689,44.918188,2025,6.475833415985107,1022.7228393554688,-6.615333557128906,244.0
5134520427,Hemidactylium scutatum,-68.668412,44.914897,2025,6.562333106994629,1017.734375,-6.459333419799805,248.0
5134520418,Hemidactylium scutatum,-68.667013,44.913687,2025,6.562333106994629,1017.734375,-6.459333419799805,248.0
5134467647,Hemidactylium scutatum,-68.669022,44.918142,2025,6.475833415985107,1022.7228393554688,-6.615333557128906,244.0
5134414840,Hemidactylium scutatum,-68.667337,44.914025,2025,6.562333106994629,1017.734375,-6.459333419799805,248.0
5134413001,Eurycea bislineata,-69.385788,44.447567,2025,6.376500129699707,987.0676879882812,-6.163333415985107,271.0
5134404776,Hemidactylium scutatum,-70.394112,43.454687,2025,7.86566686630249,900.4729614257812,-3.4240000247955322,287.0
5134361884,Hemidactylium scutatum,-68.706015,44.202964,2025,7.2838544845581055,886.86328125,-3.9395833015441895,331.0
5134305221,Hemidactylium scutatum,-68.670045,44.915025,2025,6.562333106994629,1017.734375,-6.459333419799805,248.0
5134272856,Eurycea bislineata,-68.353771,44.473486,2025,,,,
5134200271,Hemidactylium scutatum,-70.39318,43.45552,2025,7.86566686630249,900.4729614257812,-3.4240000247955322,287.0
5134167688,Eurycea bislineata,-69.961288,43.900937,2025,7.499833106994629,951.3106079101562,-4.544000148773193,294.0
5134144152,Hemidactylium scutatum,-68.705608,44.199952,2025,7.2838544845581055,886.86328125,-3.9395833015441895,331.0
5134123778,Hemidactylium scutatum,-68.669212,44.918639,2025,6.475833415985107,1022.7228393554688,-6.615333557128906,244.0
5134115818,Hemidactylium scutatum,-68.326,44.399909,2025,7.011833190917969,935.604248046875,-4.877999782562256,357.0
5134031450,Hemidactylium scutatum,-68.6689,44.918308,2025,6.475833415985107,1022.7228393554688,-6.615333557128906,244.0
5134017179,Hemidactylium scutatum,-70.394788,43.453993,2025,7.86566686630249,900.4729614257812,-3.4240000247955322,287.0
5134017099,Hemidactylium scutatum,-68.669722,44.905037,2025,6.562333106994629,1017.734375,-6.459333419799805,248.0
5134012698,Lithobates pipiens,-68.638696,44.836585,2025,6.544000148773193,1010.6740112304688,-6.3919997215271,255.0
5133980512,Hemidactylium scutatum,-68.668847,44.918308,2025,6.475833415985107,1022.7228393554688,-6.615333557128906,244.0
5133946711,Hemidactylium scutatum,-68.669433,44.919084,2025,6.475833415985107,1022.7228393554688,-6.615333557128906,244.0
5133889885,Eurycea bislineata,-70.157883,43.917092,2025,7.158166885375977,964.8930053710938,-5.075999736785889,288.0
5133857728,Hemidactylium scutatum,-68.793786,45.070744,2025,6.043166637420654,1031.6298828125,-7.140666484832764,243.0
5133809029,Hemidactylium scutatum,-68.668847,44.918125,2025,6.475833415985107,1022.7228393554688,-6.615333557128906,244.0
5133726269,Hemidactylium scutatum,-68.668892,44.918103,2025,6.475833415985107,1022.7228393554688,-6.615333557128906,244.0
5133726001,Hemidactylium scutatum,-68.667397,44.906809,2025,6.562333106994629,1017.734375,-6.459333419799805,248.0
5133716830,Lithobates pipiens,-68.66968,44.882218,2025,6.562333106994629,1017.734375,-6.459333419799805,248.0
5108490459,Lithobates pipiens,-68.676822,44.859777,2025,6.613666534423828,1014.6782836914062,-6.380000114440918,252.0
5108401244,Hemidactylium scutatum,-68.287317,44.385362,2025,6.910666465759277,945.4031372070312,-5.12666654586792,369.0
5108328327,Eurycea bislineata,-69.71463,44.761842,2019,6.184333324432373,1042.116943359375,-7.175333023071289,230.0
5101024396,Lithobates pipiens,-68.78971,44.885093,2022,6.487833023071289,1021.14892578125,-6.556666851043701,247.0
5101022583,Hemidactylium scutatum,-68.755555,44.888288,2022,6.487833023071289,1021.14892578125,-6.556666851043701,247.0
5101021117,Lithobates pipiens,-68.930916,44.823797,2022,6.423500061035156,1016.4802856445312,-6.583333492279053,256.0
5101019261,Hemidactylium scutatum,-68.788673,44.889553,2022,6.487833023071289,1021.14892578125,-6.556666851043701,247.0
5101017710,Hemidactylium scutatum,-69.788982,43.950418,2022,7.6347222328186035,933.9669189453125,-4.15625,287.0
5101017543,Lithobates pipiens,-68.748229,44.888796,2022,6.447999954223633,1016.3721923828125,-6.537999629974365,248.0
5101017293,Hemidactylium scutatum,-68.788673,44.889553,2022,6.487833023071289,1021.14892578125,-6.556666851043701,247.0
5101016187,Lithobates pipiens,-68.755555,44.888288,2022,6.487833023071289,1021.14892578125,-6.556666851043701,247.0
5101015057,Lithobates pipiens,-68.78971,44.885093,2023,6.487833023071289,1021.14892578125,-6.556666851043701,247.0
5101014564,Lithobates pipiens,-68.737429,44.891326,2020,6.447999954223633,1016.3721923828125,-6.537999629974365,248.0
5101013258,Hemidactylium scutatum,-70.359877,43.841918,2021,7.060999870300293,969.4967041015625,-5.2586669921875,289.0
5101009898,Lithobates pipiens,-68.788673,44.889553,2022,6.487833023071289,1021.14892578125,-6.556666851043701,247.0
5101009398,Hemidactylium scutatum,-70.429286,43.57959,2022,7.587833404541016,939.9948120117188,-4.303333282470703,288.0
5101008784,Lithobates pipiens,-68.723652,44.89199,2023,6.447999954223633,1016.3721923828125,-6.537999629974365,248.0
5100997480,Hemidactylium scutatum,-69.129169,44.218659,2022,6.7704997062683105,946.8226928710938,-5.263333320617676,309.0
5100997413,Lithobates pipiens,-68.680071,44.898086,2021,6.562333106994629,1017.734375,-6.459333419799805,248.0
5100992212,Hemidactylium scutatum,-69.591627,44.112554,2023,7.291666507720947,959.4895629882812,-4.900000095367432,272.0
5100991839,Lithobates pipiens,-68.705827,44.92149,2023,6.475833415985107,1022.7228393554688,-6.615333557128906,244.0
5100989737,Lithobates pipiens,-68.716418,44.792205,2022,6.86566686630249,1019.4971923828125,-6.202666759490967,257.0
5100979871,Lithobates pipiens,-68.674547,44.943543,2023,6.475833415985107,1022.7228393554688,-6.615333557128906,244.0
5100972268,Hemidactylium scutatum,-68.759035,44.887272,2022,6.487833023071289,1021.14892578125,-6.556666851043701,247.0
5100959430,Eurycea bislineata,-70.274241,43.736549,2023,7.567666530609131,948.2005004882812,-4.444666862487793,290.0
5100959408,Lithobates pipiens,-68.78971,44.885093,2022,6.487833023071289,1021.14892578125,-6.556666851043701,247.0
5100953894,Lithobates pipiens,-68.788673,44.889553,2022,6.487833023071289,1021.14892578125,-6.556666851043701,247.0
5100951679,Hemidactylium scutatum,-68.755555,44.888288,2022,6.487833023071289,1021.14892578125,-6.556666851043701,247.0
5100949499,Lithobates pipiens,-68.678166,44.988338,2023,6.349833011627197,1027.5784912109375,-6.811333179473877,246.0
5100943760,Hemidactylium scutatum,-70.39157,43.482476,2022,7.868287086486816,918.8888549804688,-3.689814567565918,286.0
5100942208,Hemidactylium scutatum,-68.709691,44.92454,2023,6.369500160217285,1019.7598266601562,-6.670000076293945,245.0
5100939845,Lithobates pipiens,-68.709691,44.92454,2023,6.369500160217285,1019.7598266601562,-6.670000076293945,245.0
5100935365,Lithobates pipiens,-68.788673,44.889553,2022,6.487833023071289,1021.14892578125,-6.556666851043701,247.0
5100930243,Lithobates pipiens,-68.740767,44.889892,2023,6.447999954223633,1016.3721923828125,-6.537999629974365,248.0
5100929775,Hemidactylium scutatum,-70.44241,43.385487,2022,7.9071431159973145,903.2127075195312,-3.4103174209594727,284.0
5100926223,Lithobates pipiens,-70.95731,44.092109,2023,6.576833248138428,1022.822998046875,-6.510666847229004,269.0
5100926154,Lithobates pipiens,-68.740767,44.889892,2020,6.447999954223633,1016.3721923828125,-6.537999629974365,248.0
5100925384,Hemidactylium scutatum,-70.39157,43.482476,2022,7.868287086486816,918.8888549804688,-3.689814567565918,286.0
5100925359,Lithobates pipiens,-68.78971,44.885093,2022,6.487833023071289,1021.14892578125,-6.556666851043701,247.0
5100923908,Lithobates pipiens,-68.78971,44.885093,2022,6.487833023071289,1021.14892578125,-6.556666851043701,247.0
5100921886,Hemidactylium scutatum,-70.39157,43.482476,2022,7.868287086486816,918.8888549804688,-3.689814567565918,286.0
5100921484,Hemidactylium scutatum,-69.129169,44.218659,2022,6.7704997062683105,946.8226928710938,-5.263333320617676,309.0
5100921416,Lithobates pipiens,-68.78971,44.885093,2023,6.487833023071289,1021.14892578125,-6.556666851043701,247.0
5100915876,Lithobates pipiens,-68.744378,44.88904,2022,6.447999954223633,1016.3721923828125,-6.537999629974365,248.0
5100913380,Lithobates pipiens,-68.729649,44.891914,2022,6.447999954223633,1016.3721923828125,-6.537999629974365,248.0
5100894104,Lithobates pipiens,-68.733531,44.891838,2020,6.447999954223633,1016.3721923828125,-6.537999629974365,248.0
5100892137,Hemidactylium scutatum,-70.687493,43.272597,2022,8.07349967956543,927.5001220703125,-3.556000232696533,278.0
5100891817,Hemidactylium scutatum,-69.85687,44.01008,2023,7.473090171813965,964.9923706054688,-4.75,279.0
5100890130,Hemidactylium scutatum,-69.788982,43.950418,2022,7.6347222328186035,933.9669189453125,-4.15625,287.0
5100881427,Lithobates pipiens,-68.788673,44.889553,2023,6.487833023071289,1021.14892578125,-6.556666851043701,247.0
5100876216,Lithobates pipiens,-68.788673,44.889553,2022,6.487833023071289,1021.14892578125,-6.556666851043701,247.0
5100873869,Hemidactylium scutatum,-68.759035,44.887272,2022,6.487833023071289,1021.14892578125,-6.556666851043701,247.0
5100871972,Hemidactylium scutatum,-70.391194,43.45693,2022,7.86566686630249,900.4729614257812,-3.4240000247955322,287.0
5100871468,Lithobates pipiens,-68.709691,44.92454,2022,6.369500160217285,1019.7598266601562,-6.670000076293945,245.0
5100869329,Lithobates pipiens,-68.748229,44.888796,2020,6.447999954223633,1016.3721923828125,-6.537999629974365,248.0
5100868040,Hemidactylium scutatum,-68.758151,44.889282,2022,6.487833023071289,1021.14892578125,-6.556666851043701,247.0
5100863640,Lithobates pipiens,-68.705827,44.92149,2020,6.475833415985107,1022.7228393554688,-6.615333557128906,244.0
5100861466,Lithobates pipiens,-68.78971,44.885093,2022,6.487833023071289,1021.14892578125,-6.556666851043701,247.0
5100859390,Hemidactylium scutatum,-70.718288,43.232101,2023,8.189332962036133,927.5410766601562,-3.445333242416382,273.0
5100853350,Lithobates pipiens,-68.729649,44.891914,2022,6.447999954223633,1016.3721923828125,-6.537999629974365,248.0
5100849819,Hemidactylium scutatum,-69.788982,43.950418,2022,7.6347222328186035,933.9669189453125,-4.15625,287.0
5088199171,Hemidactylium scutatum,-68.289513,44.387313,2025,6.910666465759277,945.4031372070312,-5.12666654586792,369.0
5087927244,Hemidactylium scutatum,-68.288453,44.386842,2025,6.910666465759277,945.4031372070312,-5.12666654586792,369.0
5087592405,Hemidactylium scutatum,-68.715118,44.213201,2024,,,,
5087580805,Hemidactylium scutatum,-68.712341,44.213623,2024,,,,
5087559373,Hemidactylium scutatum,-68.715688,44.213061,2024,,,,
5087493471,Hemidactylium scutatum,-68.71512,44.213202,2024,,,,
5087474301,Hemidactylium scutatum,-68.714502,44.213241,2024,,,,
5087227172,Eurycea bislineata,-68.8763,46.946878,2020,2.378000020980835,1140.0328369140625,-12.362000465393066,217.0
5087221235,Lithobates pipiens,-69.200353,44.755312,2019,6.313833236694336,1021.4426879882812,-6.755333423614502,252.0
5087023975,Lithobates pipiens,-68.420933,46.084558,2024,3.7016665935516357,1108.703125,-10.609333038330078,220.0
5069829188,Eurycea bislineata,-68.839205,46.961661,2022,2.3526666164398193,1140.662353515625,-12.404000282287598,217.0
5037021546,Lithobates pipiens,-68.27157,45.41041,2024,5.5338335037231445,1056.116943359375,-8.007332801818848,257.0
5008392162,Lithobates pipiens,-69.348572,44.630028,2024,6.563666820526123,1011.065185546875,-6.366666793823242,246.0
5006828723,Eurycea bislineata,-68.727245,44.736438,2015,6.654333114624023,1004.6091918945312,-6.202000141143799,272.0
4994410687,Lithobates pipiens,-67.871981,46.687338,2024,3.684166669845581,1124.2733154296875,-10.788000106811523,208.0
4987734756,Eurycea bislineata,-68.54213,44.966533,2024,6.215666770935059,1022.820556640625,-6.889999866485596,254.0
4987395261,Eurycea bislineata,-68.542245,44.966408,2024,6.215666770935059,1022.820556640625,-6.889999866485596,254.0
4982274156,Hemidactylium scutatum,-68.667763,44.914397,2024,6.562333106994629,1017.734375,-6.459333419799805,248.0
4982246918,Hemidactylium scutatum,-68.65863,44.902262,2024,6.609499931335449,1018.5863647460938,-6.425333499908447,249.0
4982167737,Eurycea bislineata,-68.667717,44.914275,2024,6.562333106994629,1017.734375,-6.459333419799805,248.0
4982012752,Hemidactylium scutatum,-68.65863,44.902267,2024,6.609499931335449,1018.5863647460938,-6.425333499908447,249.0
4980484103,Eurycea bislineata,-69.161081,44.683498,2024,6.18916654586792,1007.0484619140625,-6.682666778564453,269.0
4980371660,Eurycea bislineata,-69.621697,44.135056,2024,7.195333003997803,965.7000122070312,-5.088666915893555,270.0
4980250184,Eurycea bislineata,-69.159314,44.684976,2024,6.18916654586792,1007.0484619140625,-6.682666778564453,269.0
4978633895,Hemidactylium scutatum,-68.668,44.91468,2024,6.562333106994629,1017.734375,-6.459333419799805,248.0
4978493252,Hemidactylium scutatum,-68.663947,44.91037,2024,6.609499931335449,1018.5863647460938,-6.425333499908447,249.0
4978485611,Hemidactylium scutatum,-68.66523,44.911705,2024,6.609499931335449,1018.5863647460938,-6.425333499908447,249.0
4978479473,Hemidactylium scutatum,-68.658142,44.902317,2024,6.609499931335449,1018.5863647460938,-6.425333499908447,249.0
4978355522,Eurycea bislineata,-69.892342,44.870937,2024,5.804500102996826,1048.1595458984375,-7.680666446685791,233.0
4978330421,Hemidactylium scutatum,-68.657738,44.9024,2024,6.609499931335449,1018.5863647460938,-6.425333499908447,249.0
4978278418,Hemidactylium scutatum,-68.668305,44.914997,2024,6.562333106994629,1017.734375,-6.459333419799805,248.0
4978239675,Eurycea bislineata,-68.857296,44.759099,2024,6.61733341217041,1011.87939453125,-6.318000316619873,260.0
4978143308,Hemidactylium scutatum,-68.65818,44.902825,2024,6.609499931335449,1018.5863647460938,-6.425333499908447,249.0
4976620505,Eurycea bislineata,-68.542008,44.966378,2024,6.215666770935059,1022.820556640625,-6.889999866485596,254.0
4976569362,Eurycea bislineata,-68.542183,44.966428,2024,6.215666770935059,1022.820556640625,-6.889999866485596,254.0
4976367970,Hemidactylium scutatum,-68.668512,44.915147,2024,6.562333106994629,1017.734375,-6.459333419799805,248.0
4976290492,Eurycea bislineata,-68.542122,44.966217,2024,6.215666770935059,1022.820556640625,-6.889999866485596,254.0
4976280266,Eurycea bislineata,-68.542013,44.966178,2024,6.215666770935059,1022.820556640625,-6.889999866485596,254.0
4976240950,Eurycea bislineata,-68.542145,44.966172,2024,6.215666770935059,1022.820556640625,-6.889999866485596,254.0
4976232768,Hemidactylium scutatum,-68.670587,44.915653,2024,6.562333106994629,1017.734375,-6.459333419799805,248.0
4974267009,Eurycea bislineata,-69.623878,44.136792,2024,7.195333003997803,965.7000122070312,-5.088666915893555,270.0
4974252613,Lithobates pipiens,-68.630361,45.920231,2024,4.843166351318359,1087.99169921875,-9.08133316040039,214.0
4974223208,Hemidactylium scutatum,-68.668122,44.91587,2024,6.562333106994629,1017.734375,-6.459333419799805,248.0
4974208690,Hemidactylium scutatum,-68.668105,44.915917,2024,6.562333106994629,1017.734375,-6.459333419799805,248.0
4974156510,Eurycea bislineata,-69.61895,43.949467,2024,7.624275207519531,907.6475219726562,-3.811594247817993,288.0
4974141138,Hemidactylium scutatum,-68.670587,44.915653,2024,6.562333106994629,1017.734375,-6.459333419799805,248.0
4974108168,Hemidactylium scutatum,-68.670088,44.915653,2024,6.562333106994629,1017.734375,-6.459333419799805,248.0
4973947213,Hemidactylium scutatum,-68.668167,44.915845,2024,6.562333106994629,1017.734375,-6.459333419799805,248.0
4973888197,Hemidactylium scutatum,-68.668153,44.915838,2024,6.562333106994629,1017.734375,-6.459333419799805,248.0
4973877458,Hemidactylium scutatum,-68.670075,44.915675,2024,6.562333106994629,1017.734375,-6.459333419799805,248.0
4954571896,Hemidactylium scutatum,-70.403334,43.458535,2024,7.868287086486816,918.8888549804688,-3.689814567565918,286.0
4954440768,Eurycea bislineata,-68.697802,46.221298,2024,3.8535001277923584,1117.791748046875,-10.615333557128906,201.0
4954346378,Hemidactylium scutatum,-68.72688,44.860564,2024,6.577000141143799,1016.5341796875,-6.431999683380127,254.0
4953205087,Hemidactylium scutatum,-68.667555,44.916375,2024,6.562333106994629,1017.734375,-6.459333419799805,248.0
4953198640,Lithobates pipiens,-67.841131,46.230884,2024,4.332333564758301,1104.598876953125,-9.975333213806152,236.0
4953083458,Hemidactylium scutatum,-68.206941,44.36217,2024,6.956127166748047,919.78564453125,-4.695097923278809,374.0
4953043787,Hemidactylium scutatum,-68.667412,44.916058,2024,6.562333106994629,1017.734375,-6.459333419799805,248.0
4953030023,Hemidactylium scutatum,-68.669579,44.894638,2024,6.562333106994629,1017.734375,-6.459333419799805,248.0
4953027154,Hemidactylium scutatum,-68.660575,44.905308,2024,6.609499931335449,1018.5863647460938,-6.425333499908447,249.0
4952947545,Hemidactylium scutatum,-70.522142,44.169647,2024,6.573500156402588,1010.109619140625,-6.323999881744385,265.0
4952915653,Eurycea bislineata,-70.279908,44.106786,2024,7.025000095367432,996.1735229492188,-5.652667045593262,277.0
4952872540,Lithobates pipiens,-68.431269,45.900718,2020,4.7848334312438965,1093.5679931640625,-9.263333320617676,224.0
4952812143,Hemidactylium scutatum,-68.668647,44.915847,2024,6.562333106994629,1017.734375,-6.459333419799805,248.0
4952806855,Lithobates pipiens,-68.724343,44.900585,2024,6.447999954223633,1016.3721923828125,-6.537999629974365,248.0
4952542011,Hemidactylium scutatum,-68.662537,44.888548,2024,6.609499931335449,1018.5863647460938,-6.425333499908447,249.0
4952418211,Eurycea bislineata,-69.017052,46.076914,2024,3.1671664714813232,1103.9312744140625,-11.025333404541016,211.0
4952280999,Hemidactylium scutatum,-68.667625,44.915988,2024,6.562333106994629,1017.734375,-6.459333419799805,248.0
4952271066,Eurycea bislineata,-69.039363,45.86508,2024,4.179499626159668,1086.803955078125,-9.702667236328125,206.0
4952246779,Hemidactylium scutatum,-68.734092,44.858867,2024,6.577000141143799,1016.5341796875,-6.431999683380127,254.0
4952242038,Hemidactylium scutatum,-68.740365,44.863279,2024,6.577000141143799,1016.5341796875,-6.431999683380127,254.0
4950492764,Lithobates pipiens,-68.701919,44.908239,2024,6.562333106994629,1017.734375,-6.459333419799805,248.0
4950486415,Lithobates pipiens,-68.73133,44.861278,2024,6.577000141143799,1016.5341796875,-6.431999683380127,254.0
4950426278,Eurycea bislineata,-68.780832,44.811696,2024,7.00333309173584,1028.0465087890625,-6.188000202178955,257.0
4950174386,Lithobates pipiens,-68.669555,44.894578,2024,6.562333106994629,1017.734375,-6.459333419799805,248.0
4950157757,Eurycea bislineata,-68.542078,44.966195,2024,6.215666770935059,1022.820556640625,-6.889999866485596,254.0
4949973180,Eurycea bislineata,-70.424769,43.568905,2024,7.587833404541016,939.9948120117188,-4.303333282470703,288.0
4946702047,Lithobates pipiens,-69.342271,44.628653,2024,6.563666820526123,1011.065185546875,-6.366666793823242,246.0
4946631046,Eurycea bislineata,-69.547311,44.024314,2024,7.50568151473999,933.1324462890625,-4.296969890594482,282.0
4946616007,Eurycea bislineata,-68.542145,44.966337,2024,6.215666770935059,1022.820556640625,-6.889999866485596,254.0
4946615606,Lithobates pipiens,-68.735062,44.861028,2024,6.577000141143799,1016.5341796875,-6.431999683380127,254.0
4946369634,Lithobates pipiens,-67.402971,45.141464,2024,6.062833309173584,1007.3968505859375,-6.840000152587891,284.0
4946277887,Eurycea bislineata,-70.806338,44.71309,2024,4.010166645050049,1050.9732666015625,-9.432666778564453,214.0
4946229527,Eurycea bislineata,-70.913238,44.722789,2024,4.185333251953125,1051.3681640625,-9.274666786193848,203.0
4946225767,Lithobates pipiens,-68.546105,44.971176,2024,6.215666770935059,1022.820556640625,-6.889999866485596,254.0
4946216347,Lithobates pipiens,-68.595695,46.110713,2024,3.8543334007263184,1111.10107421875,-10.473333358764648,213.0
4946202355,Eurycea bislineata,-68.542137,44.96635,2024,6.215666770935059,1022.820556640625,-6.889999866485596,254.0
4946197489,Eurycea bislineata,-68.54207,44.966938,2024,6.215666770935059,1022.820556640625,-6.889999866485596,254.0
4946119315,Eurycea bislineata,-68.5421,44.967005,2024,6.215666770935059,1022.820556640625,-6.889999866485596,254.0
4946078625,Eurycea bislineata,-68.542105,44.966295,2024,6.215666770935059,1022.820556640625,-6.889999866485596,254.0
4946058877,Lithobates pipiens,-68.736678,44.860875,2024,6.577000141143799,1016.5341796875,-6.431999683380127,254.0
4946054748,Hemidactylium scutatum,-68.658395,44.9026,2024,6.609499931335449,1018.5863647460938,-6.425333499908447,249.0
4945895289,Lithobates pipiens,-68.726775,44.82097,2024,6.86566686630249,1019.4971923828125,-6.202666759490967,257.0
4945815132,Eurycea bislineata,-69.768761,44.637944,2024,6.343500137329102,1030.765380859375,-6.822000026702881,234.0
4945732780,Lithobates pipiens,-68.54293,44.954555,2024,6.275833606719971,1018.7763671875,-6.756666660308838,256.0
4945693524,Lithobates pipiens,-68.718839,44.906482,2024,6.447999954223633,1016.3721923828125,-6.537999629974365,248.0
4945602328,Eurycea bislineata,-68.5421,44.966267,2024,6.215666770935059,1022.820556640625,-6.889999866485596,254.0
4945585595,Eurycea bislineata,-68.912281,45.915063,2024,1.7834999561309814,1074.402587890625,-11.720666885375977,272.0
4937262505,Lithobates pipiens,-68.004639,46.61303,2024,3.691499948501587,1117.73388671875,-10.723999977111816,188.0
4937206001,Lithobates pipiens,-67.950997,46.6203,2024,3.8388333320617676,1118.7650146484375,-10.591333389282227,193.0
4937164003,Eurycea bislineata,-70.895,44.660833,2024,4.026666641235352,1036.8416748046875,-9.178667068481445,228.0
4936982049,Eurycea bislineata,-69.85228,44.587187,2024,6.410999774932861,1028.5181884765625,-6.7213335037231445,240.0
4936848465,Lithobates pipiens,-68.719233,44.906405,2024,6.447999954223633,1016.3721923828125,-6.537999629974365,248.0
4936822776,Eurycea bislineata,-68.542258,44.966675,2024,6.215666770935059,1022.820556640625,-6.889999866485596,254.0
4936796962,Lithobates pipiens,-70.201927,44.190118,2024,6.824666500091553,1004.1851806640625,-5.9673333168029785,274.0
4936730978,Hemidactylium scutatum,-68.234308,44.399547,2024,6.991421699523926,945.6722412109375,-5.050980567932129,369.0
4936532552,Eurycea bislineata,-70.89328,44.661838,2024,4.026666641235352,1036.8416748046875,-9.178667068481445,228.0
4936497122,Eurycea bislineata,-70.139647,44.673297,2024,5.76633358001709,1037.781982421875,-7.595333099365234,259.0
4936296026,Lithobates pipiens,-67.193732,44.672945,2024,6.133999824523926,924.7009887695312,-5.701333045959473,326.0
4936092547,Lithobates pipiens,-69.127014,45.287323,2024,5.301166534423828,1056.2548828125,-8.184666633605957,246.0
4936052433,Eurycea bislineata,-70.182525,44.669688,2024,5.715000152587891,1033.5318603515625,-7.591333389282227,257.0
4935925084,Hemidactylium scutatum,-68.294447,44.373593,2024,,,,
4929319623,Eurycea bislineata,-70.660659,44.657324,2024,4.976500034332275,1040.0682373046875,-8.333333015441895,227.0
4929319620,Eurycea bislineata,-67.776101,45.179666,2024,5.727499961853027,1025.4698486328125,-7.374666690826416,286.0
4929319617,Eurycea bislineata,-67.776101,45.179666,2024,5.727499961853027,1025.4698486328125,-7.374666690826416,286.0
4929319564,Eurycea bislineata,-70.85654,44.56372,2024,5.023333549499512,1025.68505859375,-8.050666809082031,218.0
4929319549,Eurycea bislineata,-70.85654,44.56372,2024,5.023333549499512,1025.68505859375,-8.050666809082031,218.0
4929319545,Eurycea bislineata,-70.85654,44.56372,2024,5.023333549499512,1025.68505859375,-8.050666809082031,218.0
4929319324,Lithobates pipiens,-67.689348,45.226456,2024,5.836833477020264,1024.974853515625,-7.25933313369751,279.0
4929319323,Lithobates pipiens,-67.689348,45.226456,2024,5.836833477020264,1024.974853515625,-7.25933313369751,279.0
4926372152,Hemidactylium scutatum,-70.26738,44.135624,2024,6.869166851043701,995.7728271484375,-5.798000335693359,274.0
4926241842,Eurycea bislineata,-70.148137,44.679303,2024,5.76633358001709,1037.781982421875,-7.595333099365234,259.0
4926181536,Lithobates pipiens,-68.444089,46.049852,2024,3.9665000438690186,1102.7777099609375,-10.296667098999023,220.0
4924049664,Eurycea bislineata,-70.910513,44.571872,2024,4.391166687011719,1019.8433837890625,-8.555333137512207,241.0
4924009427,Lithobates pipiens,-68.198235,46.0047,2024,4.309333324432373,1098.5792236328125,-9.842666625976562,228.0
4923953422,Eurycea bislineata,-69.106942,44.210122,2024,7.1670002937316895,940.2926635742188,-4.783999919891357,302.0
4923745174,Eurycea bislineata,-69.786942,44.340637,2024,7.033166885375977,1011.89111328125,-5.87066650390625,248.0
4923658019,Lithobates pipiens,-67.835953,46.131027,2024,4.518166542053223,1107.4674072265625,-9.815999984741211,240.0
4923593402,Lithobates pipiens,-68.394668,45.962103,2024,4.631499767303467,1097.5069580078125,-9.510000228881836,219.0
4923576582,Lithobates pipiens,-67.933989,46.516773,2024,3.755500078201294,1111.1646728515625,-10.557999610900879,203.0
4921979266,Lithobates pipiens,-68.735096,44.860839,2024,6.577000141143799,1016.5341796875,-6.431999683380127,254.0
4921910410,Eurycea bislineata,-70.434336,43.73642,2024,7.2769999504089355,967.3765869140625,-5.0326666831970215,285.0
4921824325,Lithobates pipiens,-68.44144,46.085713,2024,3.7016665935516357,1108.703125,-10.609333038330078,220.0
4921705554,Lithobates pipiens,-67.938312,45.775142,2024,5.0960001945495605,1070.60009765625,-8.628000259399414,248.0
4919687734,Lithobates pipiens,-68.058901,46.683495,2024,3.9103333950042725,1128.9730224609375,-10.691333770751953,185.0
4919453548,Eurycea bislineata,-68.122984,46.07097,2024,3.9563333988189697,1101.99365234375,-10.220666885375977,236.0
4919372827,Lithobates pipiens,-67.288554,45.151442,2024,6.078500270843506,997.8213500976562,-6.701999664306641,287.0
4919227301,Lithobates pipiens,-69.328831,44.612295,2018,6.544333457946777,1005.1400756835938,-6.289333343505859,254.0
4909113199,Lithobates pipiens,-68.818066,44.928023,2024,6.328499794006348,1025.414794921875,-6.774666786193848,246.0
4909057970,Hemidactylium scutatum,-69.7292,43.980846,2022,7.476333141326904,935.9535522460938,-4.343999862670898,284.0
4909019443,Lithobates pipiens,-68.810783,44.929313,2024,6.328499794006348,1025.414794921875,-6.774666786193848,246.0
4908999044,Eurycea bislineata,-68.910551,45.916155,2024,1.7834999561309814,1074.402587890625,-11.720666885375977,272.0
4908929868,Lithobates pipiens,-68.613228,45.909347,2024,4.756999969482422,1090.1136474609375,-9.215999603271484,220.0
4908743715,Lithobates pipiens,-68.458678,45.801567,2024,4.869999885559082,1090.2864990234375,-9.131999969482422,228.0
4908445399,Eurycea bislineata,-68.443817,44.676574,2024,6.576833248138428,992.5,-6.11133337020874,305.0
4908401638,Eurycea bislineata,-70.405904,43.542787,2024,7.7191667556762695,936.5362548828125,-4.125999927520752,286.0
4908304161,Lithobates pipiens,-68.97428,45.026764,2024,6.03000020980835,1038.9801025390625,-7.257333278656006,245.0
4904037535,Eurycea bislineata,-69.632195,44.013936,2024,7.5192461013793945,933.176513671875,-4.280952453613281,279.0
4903867625,Hemidactylium scutatum,-69.097005,44.454854,2024,6.9006667137146,967.8866577148438,-5.4019999504089355,285.0
4902141475,Hemidactylium scutatum,-68.273335,44.338465,2023,6.7104997634887695,937.6597290039062,-5.192666530609131,380.0
4901735486,Eurycea bislineata,-70.687492,43.230792,2024,8.121500015258789,918.7810668945312,-3.372666597366333,280.0
4901393554,Lithobates pipiens,-68.235652,46.756307,2024,3.551500082015991,1131.8463134765625,-11.151999473571777,196.0
4901113621,Eurycea bislineata,-70.68763,43.230762,2024,8.121500015258789,918.7810668945312,-3.372666597366333,280.0
4891941880,Lithobates pipiens,-69.280979,44.321595,2024,6.839000225067139,963.3562622070312,-5.395333290100098,283.0
4875536992,Hemidactylium scutatum,-68.324988,44.399413,2024,7.011833190917969,935.604248046875,-4.877999782562256,357.0
4875373553,Eurycea bislineata,-67.685964,46.361379,2024,,,,
4875155163,Lithobates pipiens,-68.755547,44.850353,2024,6.592499732971191,1020.1878662109375,-6.4720001220703125,253.0
4875008521,Lithobates pipiens,-68.630858,45.930595,2024,4.843166351318359,1087.99169921875,-9.08133316040039,214.0
4875008315,Eurycea bislineata,-70.913544,44.345478,2024,5.336999893188477,1011.783203125,-7.51200008392334,252.0
4875001605,Eurycea bislineata,-69.040719,44.719304,2024,6.443666458129883,1001.720703125,-6.350666522979736,264.0
4872612897,Eurycea bislineata,-69.61853,43.950138,2024,7.624275207519531,907.6475219726562,-3.811594247817993,288.0
4872482517,Eurycea bislineata,-69.490005,44.430643,2024,6.68149995803833,995.8087768554688,-6.00600004196167,255.0
4868138994,Lithobates pipiens,-68.330257,45.670861,2024,5.17816686630249,1079.9027099609375,-8.680000305175781,239.0
4867881320,Hemidactylium scutatum,-70.516363,43.413283,2024,7.984833240509033,922.3854370117188,-3.6026666164398193,284.0
4867799325,Lithobates pipiens,-68.726983,44.898678,2024,6.447999954223633,1016.3721923828125,-6.537999629974365,248.0
4867725893,Lithobates pipiens,-68.696614,44.947574,2024,6.475833415985107,1022.7228393554688,-6.615333557128906,244.0
4863561711,Lithobates pipiens,-69.239899,44.859425,2024,6.319333553314209,1037.82373046875,-6.929999828338623,240.0
4853032137,Eurycea bislineata,-69.623908,44.13657,2024,7.195333003997803,965.7000122070312,-5.088666915893555,270.0
4852812346,Eurycea bislineata,-69.087421,44.2457,2024,7.1670002937316895,940.2926635742188,-4.783999919891357,302.0
4852745788,Eurycea bislineata,-70.653048,44.292459,2024,5.928833484649658,1010.7130126953125,-6.9633331298828125,256.0
4852254564,Eurycea bislineata,-70.294741,44.098169,2024,6.826833248138428,994.4517822265625,-5.839333534240723,278.0
4847218654,Hemidactylium scutatum,-69.784613,43.872567,2024,,,,
4847174493,Hemidactylium scutatum,-68.729779,44.865664,2024,6.577000141143799,1016.5341796875,-6.431999683380127,254.0
4847157501,Hemidactylium scutatum,-68.243875,44.379114,2024,6.991421699523926,945.6722412109375,-5.050980567932129,369.0
4847091453,Hemidactylium scutatum,-68.243947,44.378977,2024,6.991421699523926,945.6722412109375,-5.050980567932129,369.0
4846978336,Hemidactylium scutatum,-68.323786,44.399886,2024,7.011833190917969,935.604248046875,-4.877999782562256,357.0
4846973906,Hemidactylium scutatum,-69.784293,43.871737,2024,,,,
4846956506,Hemidactylium scutatum,-68.205435,44.362071,2024,6.956127166748047,919.78564453125,-4.695097923278809,374.0
4846894203,Hemidactylium scutatum,-69.619994,43.979774,2024,7.512666702270508,921.2686157226562,-4.120666980743408,285.0
4846873593,Hemidactylium scutatum,-68.726745,44.860424,2024,6.577000141143799,1016.5341796875,-6.431999683380127,254.0
4846869521,Lithobates pipiens,-68.690515,44.938751,2024,6.475833415985107,1022.7228393554688,-6.615333557128906,244.0
4846836162,Hemidactylium scutatum,-68.206764,44.363252,2024,6.956127166748047,919.78564453125,-4.695097923278809,374.0
4846805748,Lithobates pipiens,-68.923975,44.83001,2024,6.423500061035156,1016.4802856445312,-6.583333492279053,256.0
4607401945,Hemidactylium scutatum,-68.657053,44.898905,2024,6.609499931335449,1018.5863647460938,-6.425333499908447,249.0
4607395883,Hemidactylium scutatum,-68.656873,44.898706,2024,6.609499931335449,1018.5863647460938,-6.425333499908447,249.0
4607112753,Hemidactylium scutatum,-68.657222,44.899284,2024,6.609499931335449,1018.5863647460938,-6.425333499908447,249.0
4522784935,Lithobates pipiens,-68.678946,44.912017,2014,6.562333106994629,1017.734375,-6.459333419799805,248.0
4522641521,Lithobates pipiens,-70.187726,44.261276,2023,6.728166580200195,1010.7495727539062,-6.175333023071289,266.0
4522529890,Lithobates pipiens,-68.807364,44.92993,2023,6.328499794006348,1025.414794921875,-6.774666786193848,246.0
4522458812,Lithobates pipiens,-68.81821,44.927896,2023,6.328499794006348,1025.414794921875,-6.774666786193848,246.0
4506253808,Lithobates pipiens,-69.249215,44.926348,2023,5.928499698638916,1041.788818359375,-7.405333518981934,244.0
4506246064,Lithobates pipiens,-68.481489,46.087503,2023,3.3259999752044678,1112.5517578125,-10.973999977111816,226.0
4506229288,Lithobates pipiens,-68.721896,44.899515,2023,6.447999954223633,1016.3721923828125,-6.537999629974365,248.0
4458472986,Lithobates pipiens,-68.750154,44.839072,2022,6.592499732971191,1020.1878662109375,-6.4720001220703125,253.0
4458432700,Eurycea bislineata,-70.166838,44.69643,2023,5.715000152587891,1033.5318603515625,-7.591333389282227,257.0
4458379931,Hemidactylium scutatum,-68.629714,44.530236,2023,6.7223334312438965,975.9840698242188,-5.748000144958496,310.0
4458323263,Eurycea bislineata,-70.600039,44.573607,2023,5.259999752044678,1033.117919921875,-7.935999870300293,239.0
4454015876,Lithobates pipiens,-68.724675,44.899314,2023,6.447999954223633,1016.3721923828125,-6.537999629974365,248.0
4453974342,Lithobates pipiens,-68.724302,44.901044,2023,6.447999954223633,1016.3721923828125,-6.537999629974365,248.0
4453850688,Lithobates pipiens,-68.931218,44.829044,2023,6.423500061035156,1016.4802856445312,-6.583333492279053,256.0
4453834193,Lithobates pipiens,-68.627391,45.008851,2023,6.237666606903076,1029.2279052734375,-6.937333583831787,247.0
4453796153,Lithobates pipiens,-68.721298,44.899358,2023,6.447999954223633,1016.3721923828125,-6.537999629974365,248.0
4453793465,Lithobates pipiens,-68.287627,45.513207,2023,5.421833515167236,1062.669189453125,-8.211333274841309,248.0
4453791461,Lithobates pipiens,-68.284742,45.514586,2023,5.421833515167236,1062.669189453125,-8.211333274841309,248.0
4453772971,Lithobates pipiens,-68.392579,45.467823,2023,5.58650016784668,1066.4276123046875,-8.100666999816895,245.0
4442625837,Lithobates pipiens,-68.740365,44.86328,2023,6.577000141143799,1016.5341796875,-6.431999683380127,254.0
4442482910,Lithobates pipiens,-69.063492,45.145283,2023,5.566333293914795,1044.051025390625,-7.75933313369751,249.0
4442471832,Lithobates pipiens,-68.724771,44.89935,2023,6.447999954223633,1016.3721923828125,-6.537999629974365,248.0
4442405667,Eurycea bislineata,-68.976646,46.182189,2023,3.6639997959136963,1111.204345703125,-10.683333396911621,199.0
4442397883,Lithobates pipiens,-68.645309,44.934214,2023,6.517666816711426,1025.43017578125,-6.606666564941406,248.0
4440948813,Eurycea bislineata,-68.675713,44.870995,2023,6.613666534423828,1014.6782836914062,-6.380000114440918,252.0
4440115891,Eurycea bislineata,-70.716,45.514,2018,,,,
4440114926,Hemidactylium scutatum,-68.972079,45.224542,2022,5.611666679382324,1052.0556640625,-7.829999923706055,242.0
4440114435,Eurycea bislineata,-70.494,45.465,2018,3.011666774749756,1081.6685791015625,-10.819999694824219,240.0
4440113996,Hemidactylium scutatum,-67.9833,44.6946,2022,6.451000213623047,985.1696166992188,-6.236000061035156,335.0
4440113376,Eurycea bislineata,-70.424,45.463,2018,2.871166706085205,1078.498779296875,-10.87600040435791,246.0
4440113060,Hemidactylium scutatum,-69.669486,44.44573,2022,6.880833148956299,1009.32666015625,-6.001333236694336,237.0
4440112283,Eurycea bislineata,-70.186,45.505,2018,3.0356667041778564,1086.6002197265625,-10.835332870483398,228.0
4440111382,Hemidactylium scutatum,-68.887151,45.816645,2022,4.639666557312012,1084.1451416015625,-9.229333877563477,211.0
4440111253,Eurycea bislineata,-67.66883,44.71988,2022,6.204999923706055,972.5267944335938,-6.2866668701171875,334.0
4440110443,Eurycea bislineata,-70.102766,45.47342,2018,2.503666639328003,1078.6619873046875,-11.191999435424805,252.0
4440110369,Eurycea bislineata,-70.371464,45.467818,2018,3.3543334007263184,1078.5367431640625,-10.407333374023438,223.0
4438966692,Hemidactylium scutatum,-70.868148,43.447638,2023,7.481499671936035,961.3655395507812,-4.6566667556762695,284.0
4438945551,Eurycea bislineata,-68.685478,44.885917,2023,6.562333106994629,1017.734375,-6.459333419799805,248.0
4438918950,Lithobates pipiens,-67.300217,45.161011,2023,,,,
4436317659,Lithobates pipiens,-68.453716,46.09954,2023,3.7016665935516357,1108.703125,-10.609333038330078,220.0
4436262604,Lithobates pipiens,-68.542833,46.136436,2023,3.7253332138061523,1116.0667724609375,-10.68066692352295,213.0
4436081098,Lithobates pipiens,-68.485311,44.944727,2023,6.117499828338623,1014.7625732421875,-6.843999862670898,269.0
4431218026,Eurycea bislineata,-68.921913,46.123393,2023,3.3519999980926514,1108.031005859375,-10.885333061218262,211.0
4417106131,Lithobates pipiens,-68.721999,44.903544,2023,6.447999954223633,1016.3721923828125,-6.537999629974365,248.0
4414414757,Lithobates pipiens,-68.058736,46.865732,2023,3.629500150680542,1132.674560546875,-11.04800033569336,202.0
4414404596,Eurycea bislineata,-68.911941,45.915021,2023,1.7834999561309814,1074.402587890625,-11.720666885375977,272.0
4414325067,Eurycea bislineata,-70.988091,44.977364,2023,3.6470000743865967,1070.1837158203125,-10.078666687011719,214.0
4414298945,Lithobates pipiens,-68.289596,45.801979,2023,4.8416666984558105,1083.3553466796875,-9.041333198547363,235.0
4413665894,Eurycea bislineata,-68.620142,45.96006,2023,4.602833271026611,1093.227783203125,-9.438666343688965,214.0
4413628426,Lithobates pipiens,-67.911073,46.642915,2019,3.7648332118988037,1123.9805908203125,-10.711333274841309,199.0
4413618087,Lithobates pipiens,-68.790763,44.987822,2023,6.2838335037231445,1025.2115478515625,-6.815999984741211,244.0
4413601311,Lithobates pipiens,-68.731613,44.86635,2019,6.577000141143799,1016.5341796875,-6.431999683380127,254.0
4413549140,Eurycea bislineata,-68.714469,44.844408,2023,6.577000141143799,1016.5341796875,-6.431999683380127,254.0
4413442153,Lithobates pipiens,-69.164732,46.413818,2023,3.0334999561309814,1123.3895263671875,-11.452000617980957,205.0
4407477061,Lithobates pipiens,-70.192213,44.241372,2023,6.722833156585693,1005.3626098632812,-6.095333099365234,271.0
4407165022,Lithobates pipiens,-68.780515,44.99063,2023,6.2838335037231445,1025.2115478515625,-6.815999984741211,244.0
4405530727,Lithobates pipiens,-68.142051,46.88511,2023,3.3625001907348633,1135.5911865234375,-11.359333038330078,209.0
4405448433,Lithobates pipiens,-68.198273,46.0047,2023,4.309333324432373,1098.5792236328125,-9.842666625976562,228.0
4405426903,Lithobates pipiens,-70.106956,44.31697,2023,6.725500106811523,1013.4443969726562,-6.205999851226807,262.0
4405312413,Lithobates pipiens,-70.107502,44.316808,2023,6.725500106811523,1013.4443969726562,-6.205999851226807,262.0
4400221068,Lithobates pipiens,-68.640072,44.923137,2023,6.517666816711426,1025.43017578125,-6.606666564941406,248.0
4177487202,Eurycea bislineata,-69.084747,45.75295,2023,4.038333415985107,1087.08349609375,-9.850666046142578,214.0
4172281909,Eurycea bislineata,-68.382092,46.437725,2023,3.623166561126709,1132.6114501953125,-11.11733341217041,195.0
4172232436,Lithobates pipiens,-69.978457,44.287375,2023,7.016666412353516,1008.1531372070312,-5.848666667938232,259.0
4172081401,Eurycea bislineata,-68.38208,46.437713,2023,3.623166561126709,1132.6114501953125,-11.11733341217041,195.0
4171268874,Lithobates pipiens,-67.979074,46.922536,2023,3.511833429336548,1135.7249755859375,-11.224666595458984,215.0
4162547395,Eurycea bislineata,-67.991463,45.72077,2023,5.152833461761475,1070.408447265625,-8.567999839782715,247.0
4162511462,Eurycea bislineata,-68.475144,45.495297,2022,5.457333087921143,1066.805908203125,-8.236000061035156,245.0
4162464666,Lithobates pipiens,-68.045522,45.664606,2023,5.257999897003174,1068.193603515625,-8.430000305175781,249.0
4162432909,Lithobates pipiens,-67.784399,45.526443,2023,5.315166473388672,1059.27099609375,-8.195333480834961,265.0
4162403841,Eurycea bislineata,-68.164681,45.776876,2023,4.9118332862854,1077.47998046875,-8.876667022705078,242.0
4162393363,Lithobates pipiens,-67.945433,45.786213,2023,5.0960001945495605,1070.60009765625,-8.628000259399414,248.0
4162311186,Lithobates pipiens,-68.901596,44.792732,2023,6.488666534423828,1016.676513671875,-6.517333507537842,257.0
4162305036,Lithobates pipiens,-68.171337,45.777699,2023,4.945333480834961,1080.679443359375,-8.892000198364258,240.0
4162285999,Eurycea bislineata,-68.460703,45.506972,2022,5.372499942779541,1068.4027099609375,-8.336000442504883,243.0
4162260890,Lithobates pipiens,-68.476537,45.492684,2022,5.457333087921143,1066.805908203125,-8.236000061035156,245.0
4162236945,Lithobates pipiens,-68.237677,45.894882,2023,4.697166919708252,1088.4375,-9.2586669921875,234.0
4161975827,Lithobates pipiens,-68.132129,46.858595,2023,3.4711666107177734,1137.460693359375,-11.268000602722168,203.0
4153372768,Lithobates pipiens,-68.811666,44.929165,2023,6.328499794006348,1025.414794921875,-6.774666786193848,246.0
4138573366,Eurycea bislineata,-70.691047,44.181663,2023,6.329666614532471,1006.8850708007812,-6.517333030700684,264.0
4138516093,Eurycea bislineata,-68.386257,44.894313,2003,5.852666854858398,1011.135498046875,-7.076666831970215,294.0
4138129989,Lithobates pipiens,-68.870522,44.95193,2023,6.284999847412109,1023.0559692382812,-6.789333343505859,246.0
4137730958,Eurycea bislineata,-70.691047,44.181663,2023,6.329666614532471,1006.8850708007812,-6.517333030700684,264.0
4134153719,Lithobates pipiens,-68.739075,44.863203,2018,6.577000141143799,1016.5341796875,-6.431999683380127,254.0
4134117657,Lithobates pipiens,-68.322773,45.816789,2023,4.771666526794434,1085.562744140625,-9.140666961669922,237.0
4130322058,Lithobates pipiens,-67.42743,45.55301,2017,5.444000244140625,1045.206298828125,-7.918000221252441,267.0
4130321891,Lithobates pipiens,-67.42743,45.55301,2017,5.444000244140625,1045.206298828125,-7.918000221252441,267.0
4130105605,Eurycea bislineata,-70.698481,43.229217,2023,8.121500015258789,918.7810668945312,-3.372666597366333,280.0
4129930216,Eurycea bislineata,-69.109421,44.996942,2023,5.983500003814697,1038.9859619140625,-7.311999797821045,246.0
4129923579,Eurycea bislineata,-70.086625,44.013439,2023,7.176833152770996,977.0897827148438,-5.22599983215332,284.0
4121166589,Eurycea bislineata,-70.279625,43.749022,2023,7.567666530609131,948.2005004882812,-4.444666862487793,290.0
4116579651,Eurycea bislineata,-70.812654,44.424661,2023,5.888333320617676,1025.17626953125,-7.206666469573975,226.0
4102784525,Lithobates pipiens,-69.249216,44.92573,2023,5.928499698638916,1041.788818359375,-7.405333518981934,244.0
4102724512,Lithobates pipiens,-68.797167,44.992483,2023,6.293333053588867,1027.582275390625,-6.849999904632568,245.0
4096854697,Eurycea bislineata,-70.418724,44.018547,2023,6.733833312988281,991.7579345703125,-5.914000034332275,285.0
4096486761,Hemidactylium scutatum,-70.426751,43.479195,2023,7.889999866485596,928.1427001953125,-3.808000087738037,286.0
4096410724,Hemidactylium scutatum,-68.657283,44.899226,2023,6.609499931335449,1018.5863647460938,-6.425333499908447,249.0
4091904322,Hemidactylium scutatum,-68.24842,44.392763,2023,6.991421699523926,945.6722412109375,-5.050980567932129,369.0
4091855623,Hemidactylium scutatum,-68.756963,44.888189,2023,6.487833023071289,1021.14892578125,-6.556666851043701,247.0
4091817486,Hemidactylium scutatum,-68.686423,45.104848,2023,6.058833122253418,1034.345458984375,-7.161999702453613,245.0
4091604645,Hemidactylium scutatum,-68.641986,45.152824,2023,6.015666484832764,1038.519775390625,-7.251333236694336,246.0
4091572660,Hemidactylium scutatum,-68.733496,45.125876,2023,5.920333385467529,1036.9659423828125,-7.328000068664551,244.0
4091518513,Lithobates pipiens,-68.930817,44.825483,2023,6.423500061035156,1016.4802856445312,-6.583333492279053,256.0
4091456648,Hemidactylium scutatum,-68.206787,44.36323,2023,6.956127166748047,919.78564453125,-4.695097923278809,374.0
4080550297,Hemidactylium scutatum,-70.381685,43.451926,2023,7.86566686630249,900.4729614257812,-3.4240000247955322,287.0
3994219230,Lithobates pipiens,-68.790463,44.720189,2021,6.747833251953125,1006.8766479492188,-6.134666919708252,268.0
3994111615,Eurycea bislineata,-69.071769,45.964012,2022,3.123166561126709,1103.7056884765625,-11.01866626739502,215.0
3988627019,Eurycea bislineata,-70.86068,44.636601,2022,4.329833507537842,1040.0771484375,-8.918000221252441,214.0
3986300695,Lithobates pipiens,-68.424946,45.949119,2022,4.703666687011719,1094.76318359375,-9.368666648864746,222.0
3985820717,Lithobates pipiens,-68.753739,44.854908,2022,6.592499732971191,1020.1878662109375,-6.4720001220703125,253.0
3966683781,Eurycea bislineata,-68.400832,46.154413,2022,3.6449999809265137,1117.9029541015625,-10.7839994430542,218.0
3966360247,Eurycea bislineata,-69.604797,45.460975,2022,4.069499969482422,1082.2266845703125,-9.677332878112793,220.0
3963627127,Lithobates pipiens,-68.397982,45.966098,2022,4.631499767303467,1097.5069580078125,-9.510000228881836,219.0
3960879341,Hemidactylium scutatum,-68.972079,45.224542,2022,5.611666679382324,1052.0556640625,-7.829999923706055,242.0
3960879336,Hemidactylium scutatum,-68.887151,45.816645,2022,4.639666557312012,1084.1451416015625,-9.229333877563477,211.0
3960879325,Hemidactylium scutatum,-67.9833,44.6946,2022,6.451000213623047,985.1696166992188,-6.236000061035156,335.0
3960879314,Eurycea bislineata,-67.66883,44.71988,2022,6.204999923706055,972.5267944335938,-6.2866668701171875,334.0
3960879308,Hemidactylium scutatum,-69.669486,44.44573,2022,6.880833148956299,1009.32666015625,-6.001333236694336,237.0
3947819345,Eurycea bislineata,-69.652997,44.559672,2022,6.94350004196167,1025.3370361328125,-6.173333168029785,231.0
3947785348,Eurycea bislineata,-69.653412,44.559557,2022,6.94350004196167,1025.3370361328125,-6.173333168029785,231.0
3947713643,Lithobates pipiens,-69.238534,45.197773,2019,5.382166862487793,1058.4385986328125,-8.160666465759277,253.0
3947635293,Eurycea bislineata,-69.652805,44.561251,2022,6.94350004196167,1025.3370361328125,-6.173333168029785,231.0
3947600309,Eurycea bislineata,-69.653959,44.559262,2022,6.94350004196167,1025.3370361328125,-6.173333168029785,231.0
3947521322,Eurycea bislineata,-69.653959,44.559262,2022,6.94350004196167,1025.3370361328125,-6.173333168029785,231.0
3947412336,Eurycea bislineata,-69.654425,44.558677,2022,6.94350004196167,1025.3370361328125,-6.173333168029785,231.0
3947405275,Eurycea bislineata,-69.652994,44.559672,2022,6.94350004196167,1025.3370361328125,-6.173333168029785,231.0
3947357322,Eurycea bislineata,-69.652614,44.561393,2022,6.94350004196167,1025.3370361328125,-6.173333168029785,231.0
3947345313,Eurycea bislineata,-69.652398,44.559358,2022,6.94350004196167,1025.3370361328125,-6.173333168029785,231.0
3947341288,Eurycea bislineata,-69.652348,44.559492,2022,6.94350004196167,1025.3370361328125,-6.173333168029785,231.0
3947291364,Eurycea bislineata,-69.652872,44.561396,2022,6.94350004196167,1025.3370361328125,-6.173333168029785,231.0
3947285489,Lithobates pipiens,-68.727047,44.867347,2022,6.577000141143799,1016.5341796875,-6.431999683380127,254.0
3947143323,Eurycea bislineata,-69.653561,44.559379,2022,6.94350004196167,1025.3370361328125,-6.173333168029785,231.0
3947120270,Eurycea bislineata,-69.652675,44.561092,2022,6.94350004196167,1025.3370361328125,-6.173333168029785,231.0
3925443540,Eurycea bislineata,-70.305873,45.062459,2022,3.6440000534057617,1051.5694580078125,-9.750666618347168,244.0
3925190184,Lithobates pipiens,-68.669803,44.881544,2022,6.562333106994629,1017.734375,-6.459333419799805,248.0
3923249561,Lithobates pipiens,-69.187142,44.373092,2022,6.91616678237915,961.9364013671875,-5.297999858856201,286.0
3915727361,Lithobates pipiens,-69.351138,44.638415,2022,6.563666820526123,1011.065185546875,-6.366666793823242,246.0
3915645218,Lithobates pipiens,-68.764536,44.825387,2022,7.00333309173584,1028.0465087890625,-6.188000202178955,257.0
3915632819,Lithobates pipiens,-68.724468,44.899518,2022,6.447999954223633,1016.3721923828125,-6.537999629974365,248.0
3915632052,Lithobates pipiens,-68.763895,44.82737,2022,7.00333309173584,1028.0465087890625,-6.188000202178955,257.0
3915594647,Lithobates pipiens,-68.725185,44.899655,2022,6.447999954223633,1016.3721923828125,-6.537999629974365,248.0
3915585857,Lithobates pipiens,-69.351111,44.638409,2022,6.563666820526123,1011.065185546875,-6.366666793823242,246.0
3915545473,Lithobates pipiens,-68.723555,44.89961,2022,6.447999954223633,1016.3721923828125,-6.537999629974365,248.0
3915501277,Lithobates pipiens,-68.764427,44.825875,2022,7.00333309173584,1028.0465087890625,-6.188000202178955,257.0
3915444123,Lithobates pipiens,-68.720222,44.90562,2022,6.447999954223633,1016.3721923828125,-6.537999629974365,248.0
3915401833,Lithobates pipiens,-69.351131,44.638389,2022,6.563666820526123,1011.065185546875,-6.366666793823242,246.0
3915383966,Lithobates pipiens,-69.351125,44.638406,2022,6.563666820526123,1011.065185546875,-6.366666793823242,246.0
3912441542,Eurycea bislineata,-69.085953,45.751247,2022,4.038333415985107,1087.08349609375,-9.850666046142578,214.0
3912329915,Eurycea bislineata,-69.161755,45.048154,2022,5.480999946594238,1041.19921875,-7.817333221435547,257.0
3912250174,Eurycea bislineata,-69.161473,45.047923,2022,5.480999946594238,1041.19921875,-7.817333221435547,257.0
3912067799,Eurycea bislineata,-68.788785,45.960474,2022,4.197500228881836,1091.975341796875,-9.7586669921875,213.0
3911988843,Eurycea bislineata,-68.707841,45.852322,2022,4.399666786193848,1091.239990234375,-9.544000625610352,225.0
3903582328,Lithobates pipiens,-69.123864,44.883904,2022,6.114833354949951,1030.450927734375,-7.071333408355713,249.0
3903531931,Lithobates pipiens,-68.720892,44.899336,2022,6.447999954223633,1016.3721923828125,-6.537999629974365,248.0
3903474179,Lithobates pipiens,-68.723443,44.899636,2022,6.447999954223633,1016.3721923828125,-6.537999629974365,248.0
3903410179,Lithobates pipiens,-68.724346,44.89952,2022,6.447999954223633,1016.3721923828125,-6.537999629974365,248.0
3903399167,Lithobates pipiens,-68.787623,44.897568,2022,6.487833023071289,1021.14892578125,-6.556666851043701,247.0
3903335842,Lithobates pipiens,-68.720058,44.89919,2022,6.447999954223633,1016.3721923828125,-6.537999629974365,248.0
3903304789,Lithobates pipiens,-68.721682,44.899641,2022,6.447999954223633,1016.3721923828125,-6.537999629974365,248.0
3903114039,Lithobates pipiens,-68.76587,44.828172,2022,7.00333309173584,1028.0465087890625,-6.188000202178955,257.0
3903098628,Eurycea bislineata,-70.572675,45.448261,2022,2.36816668510437,1075.0015869140625,-11.304666519165039,269.0
3902918807,Lithobates pipiens,-68.787399,44.897582,2022,6.487833023071289,1021.14892578125,-6.556666851043701,247.0
3902906579,Lithobates pipiens,-68.726975,44.897608,2022,6.447999954223633,1016.3721923828125,-6.537999629974365,248.0
3902737669,Lithobates pipiens,-69.037078,45.119686,2022,5.601666450500488,1040.8001708984375,-7.692667007446289,253.0
3902676422,Lithobates pipiens,-68.415547,46.583771,2022,3.4743335247039795,1152.0343017578125,-11.541333198547363,193.0
3902580613,Eurycea bislineata,-70.649434,44.970914,2022,3.7065000534057617,1073.615478515625,-10.053999900817871,227.0
3902504182,Lithobates pipiens,-68.787317,44.897518,2022,6.487833023071289,1021.14892578125,-6.556666851043701,247.0
3902368009,Eurycea bislineata,-68.470933,44.827975,2022,6.180500030517578,1005.5964965820312,-6.672666549682617,293.0
3902245618,Eurycea bislineata,-67.090208,44.753328,2022,6.190166473388672,928.3785400390625,-5.690666675567627,316.0
3902234106,Lithobates pipiens,-68.930821,44.824308,2022,6.423500061035156,1016.4802856445312,-6.583333492279053,256.0
3888968672,Lithobates pipiens,-68.787571,44.897045,2022,6.487833023071289,1021.14892578125,-6.556666851043701,247.0
3888884823,Eurycea bislineata,-70.955255,44.589205,2022,3.9838333129882812,1029.8885498046875,-9.100000381469727,236.0
3888871795,Eurycea bislineata,-70.955255,44.589205,2022,3.9838333129882812,1029.8885498046875,-9.100000381469727,236.0
3888863675,Eurycea bislineata,-70.523269,44.908947,2022,3.5906665325164795,1048.3953857421875,-9.788666725158691,254.0
3888759646,Lithobates pipiens,-68.786606,44.897625,2022,6.487833023071289,1021.14892578125,-6.556666851043701,247.0
3881924306,Eurycea bislineata,-70.308778,45.058136,2022,3.6440000534057617,1051.5694580078125,-9.750666618347168,244.0
3881917476,Eurycea bislineata,-70.308875,45.06092,2022,3.6440000534057617,1051.5694580078125,-9.750666618347168,244.0
3881848444,Eurycea bislineata,-70.308792,45.057964,2022,3.6440000534057617,1051.5694580078125,-9.750666618347168,244.0
3881822121,Eurycea bislineata,-70.308495,45.061161,2022,3.6440000534057617,1051.5694580078125,-9.750666618347168,244.0
3881788788,Eurycea bislineata,-70.308547,45.057739,2022,3.6440000534057617,1051.5694580078125,-9.750666618347168,244.0
3881777110,Eurycea bislineata,-70.308778,45.058056,2022,3.6440000534057617,1051.5694580078125,-9.750666618347168,244.0
3881719606,Eurycea bislineata,-70.308555,45.061108,2022,3.6440000534057617,1051.5694580078125,-9.750666618347168,244.0
3881697985,Eurycea bislineata,-70.308738,45.060733,2022,3.6440000534057617,1051.5694580078125,-9.750666618347168,244.0
3881572823,Eurycea bislineata,-70.308638,45.057933,2022,3.6440000534057617,1051.5694580078125,-9.750666618347168,244.0
3881546371,Eurycea bislineata,-70.30873,45.061736,2022,3.6440000534057617,1051.5694580078125,-9.750666618347168,244.0
3881528998,Eurycea bislineata,-70.30848,45.056758,2022,3.6440000534057617,1051.5694580078125,-9.750666618347168,244.0
3881378879,Eurycea bislineata,-70.308403,45.056928,2022,3.6440000534057617,1051.5694580078125,-9.750666618347168,244.0
3881340082,Eurycea bislineata,-69.110144,44.928843,2022,5.9073333740234375,1033.259765625,-7.309333324432373,252.0
3874110013,Lithobates pipiens,-69.368878,44.94973,2022,5.857000350952148,1042.2847900390625,-7.479333400726318,240.0
3874099690,Lithobates pipiens,-69.341235,45.196564,2022,5.188833236694336,1058.343994140625,-8.339333534240723,247.0
3874091521,Lithobates pipiens,-69.618958,46.807863,2022,3.005833387374878,1119.8741455078125,-11.435333251953125,205.0
3874019829,Lithobates pipiens,-68.719335,45.169372,2022,5.854666709899902,1039.36279296875,-7.411333084106445,244.0
3873850823,Lithobates pipiens,-68.283444,45.516371,2022,5.421833515167236,1062.669189453125,-8.211333274841309,248.0
3873788787,Lithobates pipiens,-68.243222,45.67124,2022,5.051333427429199,1075.2945556640625,-8.72599983215332,243.0
3873728179,Lithobates pipiens,-68.289286,45.422443,2022,5.452166557312012,1057.704833984375,-8.123333930969238,255.0
3873457696,Lithobates pipiens,-69.351143,45.163487,2022,5.25933313369751,1056.3619384765625,-8.24333381652832,247.0
3873402835,Lithobates pipiens,-68.047347,45.44466,2022,5.092833518981934,1055.1513671875,-8.44333267211914,270.0
3873391391,Lithobates pipiens,-68.6334,45.869357,2022,4.768833160400391,1089.3388671875,-9.183333396911621,222.0
3873331033,Lithobates pipiens,-69.334503,44.611164,2010,6.595666885375977,1005.7623291015625,-6.246000289916992,250.0
3873168489,Eurycea bislineata,-69.500179,44.632212,2010,6.541333198547363,1023.1231079101562,-6.558000087738037,235.0
3873113635,Eurycea bislineata,-69.367658,44.273558,2010,6.95883321762085,966.0692138671875,-5.313333511352539,278.0
3873102220,Lithobates pipiens,-68.76605,44.824592,2022,7.00333309173584,1028.0465087890625,-6.188000202178955,257.0
3872984142,Eurycea bislineata,-70.562553,45.459142,2022,2.877333402633667,1080.876953125,-10.924666404724121,250.0
3860740510,Lithobates pipiens,-68.787299,44.897578,2022,6.487833023071289,1021.14892578125,-6.556666851043701,247.0
3860739484,Lithobates pipiens,-68.931153,44.824792,2022,6.423500061035156,1016.4802856445312,-6.583333492279053,256.0
3860594582,Lithobates pipiens,-68.787297,44.897579,2022,6.487833023071289,1021.14892578125,-6.556666851043701,247.0
3860484431,Lithobates pipiens,-68.78785,44.897737,2022,6.487833023071289,1021.14892578125,-6.556666851043701,247.0
3860450163,Eurycea bislineata,-70.509332,43.847626,2022,7.247499942779541,947.6463012695312,-4.4633331298828125,281.0
3860335164,Lithobates pipiens,-68.357516,46.942819,2022,3.2165000438690186,1134.0638427734375,-11.536666870117188,213.0
3860293624,Eurycea bislineata,-69.081978,44.147992,2022,,,,
3860138460,Lithobates pipiens,-68.738149,44.898666,2022,6.447999954223633,1016.3721923828125,-6.537999629974365,248.0
3860121499,Lithobates pipiens,-68.787397,44.897572,2022,6.487833023071289,1021.14892578125,-6.556666851043701,247.0
3860073067,Lithobates pipiens,-69.341178,44.620272,2022,6.595666885375977,1005.7623291015625,-6.246000289916992,250.0
3859973542,Lithobates pipiens,-68.78727,44.897572,2022,6.487833023071289,1021.14892578125,-6.556666851043701,247.0
3859861378,Eurycea bislineata,-70.288772,44.114881,2022,7.025000095367432,996.1735229492188,-5.652667045593262,277.0
3859819593,Lithobates pipiens,-68.787304,44.897577,2022,6.487833023071289,1021.14892578125,-6.556666851043701,247.0
3859673633,Eurycea bislineata,-68.424118,46.653042,2022,3.577000141143799,1139.9482421875,-11.295999526977539,193.0
3859607204,Eurycea bislineata,-69.045415,44.908935,2022,6.133333206176758,1027.5889892578125,-7.006666660308838,250.0
3859600295,Eurycea bislineata,-69.002822,44.388249,2022,7.017666816711426,955.3396606445312,-5.118000030517578,295.0
3859590649,Lithobates pipiens,-68.787291,44.897546,2022,6.487833023071289,1021.14892578125,-6.556666851043701,247.0
3858959345,Lithobates pipiens,-68.531037,44.983934,2022,6.1536664962768555,1020.2416381835938,-6.891333103179932,259.0
3858718586,Lithobates pipiens,-68.787288,44.897526,2022,6.487833023071289,1021.14892578125,-6.556666851043701,247.0
3858687172,Lithobates pipiens,-68.3348,46.879015,2022,3.1121666431427,1134.525146484375,-11.630666732788086,211.0
3858635533,Lithobates pipiens,-68.787982,44.897732,2022,6.487833023071289,1021.14892578125,-6.556666851043701,247.0
3858576596,Lithobates pipiens,-68.787357,44.897577,2022,6.487833023071289,1021.14892578125,-6.556666851043701,247.0
3858567406,Eurycea bislineata,-68.256266,44.388493,2022,6.910666465759277,945.4031372070312,-5.12666654586792,369.0
3773648420,Eurycea bislineata,-69.572415,44.152575,2022,7.2143330574035645,960.4230346679688,-4.991333484649658,272.0
3773057105,Eurycea bislineata,-69.029435,44.442368,2022,7.00121545791626,958.5623779296875,-5.171527862548828,292.0
3772788758,Eurycea bislineata,-69.02309,44.439694,2022,7.00121545791626,958.5623779296875,-5.171527862548828,292.0
3772756556,Lithobates pipiens,-68.754479,44.888362,2022,6.487833023071289,1021.14892578125,-6.556666851043701,247.0
3772674104,Eurycea bislineata,-69.029441,44.442394,2022,7.00121545791626,958.5623779296875,-5.171527862548828,292.0
3772672873,Eurycea bislineata,-69.028975,44.442406,2022,7.00121545791626,958.5623779296875,-5.171527862548828,292.0
3764496256,Lithobates pipiens,-68.931284,44.82161,2022,6.423500061035156,1016.4802856445312,-6.583333492279053,256.0
3764390230,Lithobates pipiens,-68.931062,44.823297,2022,6.423500061035156,1016.4802856445312,-6.583333492279053,256.0
3764380477,Lithobates pipiens,-68.930911,44.824159,2022,6.423500061035156,1016.4802856445312,-6.583333492279053,256.0
3764270307,Hemidactylium scutatum,-68.241606,44.38207,2022,6.991421699523926,945.6722412109375,-5.050980567932129,369.0
3764242774,Eurycea bislineata,-69.946249,44.024048,2022,7.211666584014893,968.1348876953125,-5.067333221435547,285.0
3764224851,Eurycea bislineata,-68.724153,44.736105,2022,6.654333114624023,1004.6091918945312,-6.202000141143799,272.0
3764222136,Lithobates pipiens,-68.930882,44.824458,2022,6.423500061035156,1016.4802856445312,-6.583333492279053,256.0
3764149048,Eurycea bislineata,-69.040596,44.275636,2022,6.966447353363037,934.2045288085938,-4.87192964553833,306.0
3764130790,Eurycea bislineata,-69.946481,44.024112,2022,7.211666584014893,968.1348876953125,-5.067333221435547,285.0
3760409062,Hemidactylium scutatum,-68.758343,44.887716,2022,6.487833023071289,1021.14892578125,-6.556666851043701,247.0
3760409060,Hemidactylium scutatum,-68.753739,44.888417,2022,6.487833023071289,1021.14892578125,-6.556666851043701,247.0
3760402896,Hemidactylium scutatum,-68.243461,44.380167,2022,6.991421699523926,945.6722412109375,-5.050980567932129,369.0
3760381637,Hemidactylium scutatum,-68.758679,44.887533,2022,6.487833023071289,1021.14892578125,-6.556666851043701,247.0
3760375976,Hemidactylium scutatum,-68.76039,44.886506,2022,6.487833023071289,1021.14892578125,-6.556666851043701,247.0
3760363049,Hemidactylium scutatum,-68.760482,44.886444,2022,6.487833023071289,1021.14892578125,-6.556666851043701,247.0
3760361057,Hemidactylium scutatum,-68.758938,44.887394,2022,6.487833023071289,1021.14892578125,-6.556666851043701,247.0
3760361056,Hemidactylium scutatum,-68.759482,44.887043,2022,6.487833023071289,1021.14892578125,-6.556666851043701,247.0
3760345952,Hemidactylium scutatum,-68.759305,44.887166,2022,6.487833023071289,1021.14892578125,-6.556666851043701,247.0
3760345555,Hemidactylium scutatum,-68.757774,44.888016,2022,6.487833023071289,1021.14892578125,-6.556666851043701,247.0
3760331984,Hemidactylium scutatum,-68.758439,44.887693,2022,6.487833023071289,1021.14892578125,-6.556666851043701,247.0
3760324969,Hemidactylium scutatum,-68.758746,44.887463,2022,6.487833023071289,1021.14892578125,-6.556666851043701,247.0
3760315854,Hemidactylium scutatum,-68.23792,44.386539,2022,6.991421699523926,945.6722412109375,-5.050980567932129,369.0
3760315546,Hemidactylium scutatum,-68.758074,44.88789,2022,6.487833023071289,1021.14892578125,-6.556666851043701,247.0
3760293623,Hemidactylium scutatum,-68.758801,44.88748,2022,6.487833023071289,1021.14892578125,-6.556666851043701,247.0
3760289555,Hemidactylium scutatum,-68.758664,44.887552,2022,6.487833023071289,1021.14892578125,-6.556666851043701,247.0
3760286541,Hemidactylium scutatum,-68.757993,44.88791,2022,6.487833023071289,1021.14892578125,-6.556666851043701,247.0
3760235577,Hemidactylium scutatum,-68.758014,44.887929,2022,6.487833023071289,1021.14892578125,-6.556666851043701,247.0
3760225654,Hemidactylium scutatum,-68.758338,44.887713,2022,6.487833023071289,1021.14892578125,-6.556666851043701,247.0
3760220976,Hemidactylium scutatum,-68.759149,44.887251,2022,6.487833023071289,1021.14892578125,-6.556666851043701,247.0
3760215598,Hemidactylium scutatum,-68.757854,44.888,2022,6.487833023071289,1021.14892578125,-6.556666851043701,247.0
3760213498,Lithobates pipiens,-68.817909,44.926297,2022,6.328499794006348,1025.414794921875,-6.774666786193848,246.0
3760210957,Hemidactylium scutatum,-68.760578,44.886383,2022,6.487833023071289,1021.14892578125,-6.556666851043701,247.0
3760199988,Hemidactylium scutatum,-68.759401,44.887102,2022,6.487833023071289,1021.14892578125,-6.556666851043701,247.0
3760181619,Hemidactylium scutatum,-68.758069,44.887878,2022,6.487833023071289,1021.14892578125,-6.556666851043701,247.0
3760166640,Hemidactylium scutatum,-68.758244,44.88779,2022,6.487833023071289,1021.14892578125,-6.556666851043701,247.0
3760137504,Lithobates pipiens,-69.329214,44.669135,2022,6.443833351135254,1014.2817993164062,-6.544666767120361,247.0
3760131510,Hemidactylium scutatum,-68.758605,44.887579,2022,6.487833023071289,1021.14892578125,-6.556666851043701,247.0
3760095586,Hemidactylium scutatum,-68.758186,44.887843,2022,6.487833023071289,1021.14892578125,-6.556666851043701,247.0
3760095585,Hemidactylium scutatum,-68.758179,44.887824,2022,6.487833023071289,1021.14892578125,-6.556666851043701,247.0
3760082011,Hemidactylium scutatum,-68.757679,44.888071,2022,6.487833023071289,1021.14892578125,-6.556666851043701,247.0
3760071037,Hemidactylium scutatum,-68.75782,44.888012,2022,6.487833023071289,1021.14892578125,-6.556666851043701,247.0
3760070620,Hemidactylium scutatum,-68.758818,44.887482,2022,6.487833023071289,1021.14892578125,-6.556666851043701,247.0
3760067963,Hemidactylium scutatum,-68.759859,44.886837,2022,6.487833023071289,1021.14892578125,-6.556666851043701,247.0
3760049522,Hemidactylium scutatum,-68.75848,44.887627,2022,6.487833023071289,1021.14892578125,-6.556666851043701,247.0
3760048965,Hemidactylium scutatum,-68.758221,44.887795,2022,6.487833023071289,1021.14892578125,-6.556666851043701,247.0
3760038566,Hemidactylium scutatum,-68.75766,44.888044,2022,6.487833023071289,1021.14892578125,-6.556666851043701,247.0
3760037988,Hemidactylium scutatum,-68.760568,44.886385,2022,6.487833023071289,1021.14892578125,-6.556666851043701,247.0
3760032565,Hemidactylium scutatum,-68.759544,44.887002,2022,6.487833023071289,1021.14892578125,-6.556666851043701,247.0
3760017490,Hemidactylium scutatum,-68.757881,44.887985,2022,6.487833023071289,1021.14892578125,-6.556666851043701,247.0
3760014585,Hemidactylium scutatum,-68.758018,44.887907,2022,6.487833023071289,1021.14892578125,-6.556666851043701,247.0
3760012613,Hemidactylium scutatum,-68.759392,44.887087,2022,6.487833023071289,1021.14892578125,-6.556666851043701,247.0
3760007532,Hemidactylium scutatum,-68.758668,44.887515,2022,6.487833023071289,1021.14892578125,-6.556666851043701,247.0
3760004926,Hemidactylium scutatum,-68.757914,44.887947,2022,6.487833023071289,1021.14892578125,-6.556666851043701,247.0
3759995987,Hemidactylium scutatum,-68.758514,44.88762,2022,6.487833023071289,1021.14892578125,-6.556666851043701,247.0
3759995986,Hemidactylium scutatum,-68.758806,44.887454,2022,6.487833023071289,1021.14892578125,-6.556666851043701,247.0
3759972581,Hemidactylium scutatum,-68.758234,44.88779,2022,6.487833023071289,1021.14892578125,-6.556666851043701,247.0
3759970565,Hemidactylium scutatum,-68.242061,44.381833,2022,6.991421699523926,945.6722412109375,-5.050980567932129,369.0
3759943925,Hemidactylium scutatum,-68.760019,44.886748,2022,6.487833023071289,1021.14892578125,-6.556666851043701,247.0
3759925264,Hemidactylium scutatum,-70.690697,43.280608,2022,8.07349967956543,927.5001220703125,-3.556000232696533,278.0
3759919592,Hemidactylium scutatum,-68.757849,44.887985,2022,6.487833023071289,1021.14892578125,-6.556666851043701,247.0
3759913004,Hemidactylium scutatum,-68.759068,44.8873,2022,6.487833023071289,1021.14892578125,-6.556666851043701,247.0
3759769956,Hemidactylium scutatum,-68.757678,44.888074,2022,6.487833023071289,1021.14892578125,-6.556666851043701,247.0
3759769580,Hemidactylium scutatum,-68.75888,44.887424,2022,6.487833023071289,1021.14892578125,-6.556666851043701,247.0
3759756586,Hemidactylium scutatum,-68.757763,44.888016,2022,6.487833023071289,1021.14892578125,-6.556666851043701,247.0
3759745571,Hemidactylium scutatum,-68.758266,44.887777,2022,6.487833023071289,1021.14892578125,-6.556666851043701,247.0
3759725505,Lithobates pipiens,-69.429231,44.693091,2022,6.453666687011719,1014.5272216796875,-6.522666931152344,238.0
3759722971,Hemidactylium scutatum,-68.759106,44.887258,2022,6.487833023071289,1021.14892578125,-6.556666851043701,247.0
3759722006,Hemidactylium scutatum,-68.758312,44.887736,2022,6.487833023071289,1021.14892578125,-6.556666851043701,247.0
3759717995,Lithobates pipiens,-68.757053,44.888277,2022,6.487833023071289,1021.14892578125,-6.556666851043701,247.0
3759699095,Hemidactylium scutatum,-68.668908,44.915642,2022,6.562333106994629,1017.734375,-6.459333419799805,248.0
3759691587,Hemidactylium scutatum,-68.758182,44.887827,2022,6.487833023071289,1021.14892578125,-6.556666851043701,247.0
3759691586,Hemidactylium scutatum,-68.758139,44.887843,2022,6.487833023071289,1021.14892578125,-6.556666851043701,247.0
3759679620,Hemidactylium scutatum,-68.758299,44.887768,2022,6.487833023071289,1021.14892578125,-6.556666851043701,247.0
3759629536,Hemidactylium scutatum,-68.75875,44.887523,2022,6.487833023071289,1021.14892578125,-6.556666851043701,247.0
3759623932,Hemidactylium scutatum,-68.758336,44.887704,2022,6.487833023071289,1021.14892578125,-6.556666851043701,247.0
3759569984,Hemidactylium scutatum,-68.759646,44.886965,2022,6.487833023071289,1021.14892578125,-6.556666851043701,247.0
3759539057,Hemidactylium scutatum,-68.758057,44.887896,2022,6.487833023071289,1021.14892578125,-6.556666851043701,247.0
3759510573,Hemidactylium scutatum,-68.758022,44.887914,2022,6.487833023071289,1021.14892578125,-6.556666851043701,247.0
3759499049,Hemidactylium scutatum,-68.759987,44.886802,2022,6.487833023071289,1021.14892578125,-6.556666851043701,247.0
3759498643,Hemidactylium scutatum,-68.758276,44.887773,2022,6.487833023071289,1021.14892578125,-6.556666851043701,247.0
3759494591,Hemidactylium scutatum,-68.758346,44.887708,2022,6.487833023071289,1021.14892578125,-6.556666851043701,247.0
3759489558,Hemidactylium scutatum,-68.757966,44.887936,2022,6.487833023071289,1021.14892578125,-6.556666851043701,247.0
3759489555,Hemidactylium scutatum,-68.758508,44.887658,2022,6.487833023071289,1021.14892578125,-6.556666851043701,247.0
3759489554,Hemidactylium scutatum,-68.757888,44.887993,2022,6.487833023071289,1021.14892578125,-6.556666851043701,247.0
3759441593,Hemidactylium scutatum,-68.758396,44.887696,2022,6.487833023071289,1021.14892578125,-6.556666851043701,247.0
3759423960,Hemidactylium scutatum,-68.759549,44.886998,2022,6.487833023071289,1021.14892578125,-6.556666851043701,247.0
3759416080,Hemidactylium scutatum,-68.758603,44.887555,2022,6.487833023071289,1021.14892578125,-6.556666851043701,247.0
3759414960,Hemidactylium scutatum,-68.760224,44.886619,2022,6.487833023071289,1021.14892578125,-6.556666851043701,247.0
3759411603,Hemidactylium scutatum,-68.758727,44.887527,2022,6.487833023071289,1021.14892578125,-6.556666851043701,247.0
3759405928,Hemidactylium scutatum,-68.669668,44.919706,2022,6.475833415985107,1022.7228393554688,-6.615333557128906,244.0
3759405702,Lithobates pipiens,-68.738289,44.867188,2021,6.577000141143799,1016.5341796875,-6.431999683380127,254.0
3759393572,Hemidactylium scutatum,-68.757602,44.888075,2022,6.487833023071289,1021.14892578125,-6.556666851043701,247.0
3759388037,Hemidactylium scutatum,-68.759798,44.886879,2022,6.487833023071289,1021.14892578125,-6.556666851043701,247.0
3759386588,Hemidactylium scutatum,-68.75874,44.887505,2022,6.487833023071289,1021.14892578125,-6.556666851043701,247.0
3759385570,Hemidactylium scutatum,-68.758636,44.88758,2022,6.487833023071289,1021.14892578125,-6.556666851043701,247.0
3759362556,Hemidactylium scutatum,-68.758388,44.887713,2022,6.487833023071289,1021.14892578125,-6.556666851043701,247.0
3759362551,Hemidactylium scutatum,-68.758248,44.887798,2022,6.487833023071289,1021.14892578125,-6.556666851043701,247.0
3759359972,Hemidactylium scutatum,-68.757619,44.888103,2022,6.487833023071289,1021.14892578125,-6.556666851043701,247.0
3759359544,Hemidactylium scutatum,-68.758272,44.88777,2022,6.487833023071289,1021.14892578125,-6.556666851043701,247.0
3759353582,Hemidactylium scutatum,-68.758779,44.887494,2022,6.487833023071289,1021.14892578125,-6.556666851043701,247.0
3759350053,Hemidactylium scutatum,-68.759468,44.887059,2022,6.487833023071289,1021.14892578125,-6.556666851043701,247.0
3759329552,Hemidactylium scutatum,-68.758193,44.887823,2022,6.487833023071289,1021.14892578125,-6.556666851043701,247.0
3759315946,Hemidactylium scutatum,-68.760274,44.886581,2022,6.487833023071289,1021.14892578125,-6.556666851043701,247.0
3759305056,Hemidactylium scutatum,-68.758985,44.887326,2022,6.487833023071289,1021.14892578125,-6.556666851043701,247.0
3759302948,Hemidactylium scutatum,-68.759327,44.887149,2022,6.487833023071289,1021.14892578125,-6.556666851043701,247.0
3759295003,Lithobates pipiens,-68.760238,44.886607,2022,6.487833023071289,1021.14892578125,-6.556666851043701,247.0
3759284928,Hemidactylium scutatum,-68.758952,44.88735,2022,6.487833023071289,1021.14892578125,-6.556666851043701,247.0
3759281958,Hemidactylium scutatum,-68.760466,44.886469,2022,6.487833023071289,1021.14892578125,-6.556666851043701,247.0
3759281539,Hemidactylium scutatum,-68.758441,44.887681,2022,6.487833023071289,1021.14892578125,-6.556666851043701,247.0
3759279563,Hemidactylium scutatum,-68.758287,44.887776,2022,6.487833023071289,1021.14892578125,-6.556666851043701,247.0
3759272570,Hemidactylium scutatum,-68.758028,44.887917,2022,6.487833023071289,1021.14892578125,-6.556666851043701,247.0
3759271988,Hemidactylium scutatum,-68.759776,44.886878,2022,6.487833023071289,1021.14892578125,-6.556666851043701,247.0
3747162393,Eurycea bislineata,-70.849279,44.425928,2021,5.367000102996826,1018.1451416015625,-7.604000091552734,238.0
3747056574,Hemidactylium scutatum,-68.297767,44.383883,2021,7.011833190917969,935.604248046875,-4.877999782562256,357.0
3743038474,Eurycea bislineata,-69.76158,44.104601,2020,,,,
3705784492,Lithobates pipiens,-68.764104,44.82667,2021,7.00333309173584,1028.0465087890625,-6.188000202178955,257.0
3705772367,Lithobates pipiens,-68.81107,44.929316,2021,6.328499794006348,1025.414794921875,-6.774666786193848,246.0
3705671357,Lithobates pipiens,-68.8114,44.929284,2020,6.328499794006348,1025.414794921875,-6.774666786193848,246.0
3705556388,Eurycea bislineata,-70.852861,44.426683,2021,5.367000102996826,1018.1451416015625,-7.604000091552734,238.0
3705492359,Lithobates pipiens,-68.808137,44.929799,2020,6.328499794006348,1025.414794921875,-6.774666786193848,246.0
3705477546,Lithobates pipiens,-68.931134,44.822538,2021,6.423500061035156,1016.4802856445312,-6.583333492279053,256.0
3705473347,Lithobates pipiens,-68.818016,44.926219,2021,6.328499794006348,1025.414794921875,-6.774666786193848,246.0
3705413601,Lithobates pipiens,-68.931166,44.823124,2021,6.423500061035156,1016.4802856445312,-6.583333492279053,256.0
3705383567,Lithobates pipiens,-68.931362,44.821282,2021,6.423500061035156,1016.4802856445312,-6.583333492279053,256.0
3698265394,Eurycea bislineata,-70.010305,43.768056,2021,,,,
3698255869,Eurycea bislineata,-70.009371,43.76979,2021,,,,
3698250207,Eurycea bislineata,-70.009208,43.769931,2021,,,,
3698162256,Eurycea bislineata,-70.097385,43.87204,2021,7.414311408996582,947.5896606445312,-4.56594181060791,293.0
3698136278,Eurycea bislineata,-70.009759,43.769016,2021,,,,
3466224327,Eurycea bislineata,-69.300422,44.626155,2018,6.5279998779296875,1011.83154296875,-6.418666839599609,250.0
3456645088,Lithobates pipiens,-68.581788,46.032622,2020,4.04283332824707,1101.777587890625,-10.188666343688965,218.0
3456507539,Eurycea bislineata,-68.47646,45.492784,2021,5.457333087921143,1066.805908203125,-8.236000061035156,245.0
3456146426,Hemidactylium scutatum,-69.32948,44.608801,2017,6.544333457946777,1005.1400756835938,-6.289333343505859,254.0
3456141622,Eurycea bislineata,-70.980663,44.250687,2014,5.476166725158691,1000.5040893554688,-7.232666969299316,266.0
3455833598,Hemidactylium scutatum,-69.854797,43.866892,2021,7.632465362548828,910.4086303710938,-3.819444417953491,295.0
3421142323,Lithobates pipiens,-67.809397,46.383696,2021,4.116333484649658,1107.8948974609375,-10.191332817077637,224.0
3415512499,Lithobates pipiens,-68.721176,44.90468,2021,6.447999954223633,1016.3721923828125,-6.537999629974365,248.0
3398948369,Lithobates pipiens,-69.326112,44.620625,2018,6.544333457946777,1005.1400756835938,-6.289333343505859,254.0
3391708652,Lithobates pipiens,-68.215779,45.237935,2021,5.711666584014893,1044.6785888671875,-7.666666507720947,269.0
3391693627,Lithobates pipiens,-68.812326,44.929075,2021,6.328499794006348,1025.414794921875,-6.774666786193848,246.0
3391429142,Lithobates pipiens,-68.810408,44.929365,2021,6.328499794006348,1025.414794921875,-6.774666786193848,246.0
3391387826,Eurycea bislineata,-69.47391,44.039534,2021,7.489166736602783,929.9183959960938,-4.2833333015441895,286.0
3384844686,Eurycea bislineata,-70.208878,44.680997,2021,5.528166770935059,1030.537841796875,-7.711999893188477,255.0
3384823897,Eurycea bislineata,-69.976953,44.419212,2021,6.501166820526123,1018.360595703125,-6.506666660308838,256.0
3384753675,Lithobates pipiens,-68.789863,45.0929,2021,5.994999885559082,1037.5826416015625,-7.283999919891357,243.0
3384733537,Lithobates pipiens,-68.76567,44.822513,2021,7.00333309173584,1028.0465087890625,-6.188000202178955,257.0
3384693470,Lithobates pipiens,-69.66188,44.586963,2021,6.686666488647461,1026.7275390625,-6.446666717529297,230.0
3384563565,Lithobates pipiens,-68.810833,44.929341,2021,6.328499794006348,1025.414794921875,-6.774666786193848,246.0
3384524794,Eurycea bislineata,-68.766045,44.734975,2021,6.747833251953125,1006.8766479492188,-6.134666919708252,268.0
3384478752,Lithobates pipiens,-67.777393,44.979443,2021,5.925000190734863,1004.5014038085938,-6.934000015258789,305.0
3384449479,Lithobates pipiens,-68.765738,44.822487,2021,7.00333309173584,1028.0465087890625,-6.188000202178955,257.0
3383993246,Eurycea bislineata,-69.653045,44.5594,2021,6.94350004196167,1025.3370361328125,-6.173333168029785,231.0
3355824347,Lithobates pipiens,-67.126286,44.71234,2021,6.146833419799805,933.43359375,-5.808000087738037,321.0
3355528104,Eurycea bislineata,-69.714681,44.420914,2021,6.795000076293945,1010.0228271484375,-6.100666522979736,238.0
3355501749,Lithobates pipiens,-68.71447,44.89843,2021,6.447999954223633,1016.3721923828125,-6.537999629974365,248.0
3355406806,Lithobates pipiens,-68.567643,44.808535,2021,6.529333114624023,1011.2703857421875,-6.420666694641113,270.0
3355402718,Eurycea bislineata,-70.012082,43.773966,2021,,,,
3355260123,Eurycea bislineata,-69.714754,44.420954,2021,6.795000076293945,1010.0228271484375,-6.100666522979736,238.0
3344028811,Eurycea bislineata,-69.832403,44.043633,2021,7.3488335609436035,973.212890625,-5.017333507537842,273.0
3343697739,Lithobates pipiens,-68.816185,44.928484,2021,6.328499794006348,1025.414794921875,-6.774666786193848,246.0
3338027517,Lithobates pipiens,-68.727272,44.898378,2021,6.447999954223633,1016.3721923828125,-6.537999629974365,248.0
3338009657,Lithobates pipiens,-67.231835,44.755816,2021,6.193166732788086,953.084228515625,-6.03000020980835,317.0
3337877283,Lithobates pipiens,-69.442095,46.042172,2021,3.619333267211914,1116.9212646484375,-10.750666618347168,198.0
3337870908,Lithobates pipiens,-68.520215,44.98527,2021,6.1536664962768555,1020.2416381835938,-6.891333103179932,259.0
3337745651,Eurycea bislineata,-69.07727,45.974658,2021,3.123166561126709,1103.7056884765625,-11.01866626739502,215.0
3337665916,Lithobates pipiens,-67.904898,46.017346,2021,4.4633331298828125,1086.8743896484375,-9.566666603088379,242.0
3337502146,Lithobates pipiens,-69.442095,46.042172,2021,3.619333267211914,1116.9212646484375,-10.750666618347168,198.0
3335536343,Lithobates pipiens,-68.740365,44.863279,2021,6.577000141143799,1016.5341796875,-6.431999683380127,254.0
3335137131,Lithobates pipiens,-68.765735,44.734901,2021,6.747833251953125,1006.8766479492188,-6.134666919708252,268.0
3333531392,Lithobates pipiens,-67.89811,45.973246,2020,4.691999912261963,1082.0723876953125,-9.195333480834961,243.0
3333142358,Lithobates pipiens,-68.817952,44.926271,2020,6.328499794006348,1025.414794921875,-6.774666786193848,246.0
3327758327,Lithobates pipiens,-68.614913,45.908172,2019,4.756999969482422,1090.1136474609375,-9.215999603271484,220.0
3325676842,Eurycea bislineata,-70.09433,44.668853,2021,5.661999702453613,1037.932861328125,-7.692666530609131,259.0
3325621541,Eurycea bislineata,-70.859795,44.268677,2021,6.033666610717773,1008.1093139648438,-6.827333450317383,256.0
3325589832,Lithobates pipiens,-68.567628,44.808743,2021,6.529333114624023,1011.2703857421875,-6.420666694641113,270.0
3321290442,Eurycea bislineata,-70.55797,44.7317,2021,4.17549991607666,1038.4132080078125,-9.089333534240723,248.0
3321000561,Eurycea bislineata,-70.540778,44.665183,2021,4.719333171844482,1033.5238037109375,-8.496000289916992,252.0
3314224705,Eurycea bislineata,-69.652542,44.561387,2021,6.94350004196167,1025.3370361328125,-6.173333168029785,231.0
3314218686,Eurycea bislineata,-69.652642,44.56117,2021,6.94350004196167,1025.3370361328125,-6.173333168029785,231.0
3314164667,Eurycea bislineata,-69.652898,44.560891,2021,6.94350004196167,1025.3370361328125,-6.173333168029785,231.0
3307410849,Eurycea bislineata,-67.056626,44.776961,2021,,,,
3307348509,Eurycea bislineata,-69.822344,44.187984,2021,7.080666542053223,993.8464965820312,-5.567333221435547,264.0
3307224121,Eurycea bislineata,-68.725455,44.737083,2021,6.654333114624023,1004.6091918945312,-6.202000141143799,272.0
3302513835,Eurycea bislineata,-69.944073,44.136831,2017,7.019000053405762,990.5698852539062,-5.5879998207092285,274.0
3302051194,Hemidactylium scutatum,-69.842483,44.048978,2020,7.247833251953125,973.2914428710938,-5.112666606903076,276.0
3301983278,Hemidactylium scutatum,-69.842112,44.049794,2015,7.247833251953125,973.2914428710938,-5.112666606903076,276.0
3118313660,Eurycea bislineata,-68.387467,44.799674,2021,6.356666564941406,1001.2944946289062,-6.440666675567627,292.0
3117767682,Eurycea bislineata,-69.619231,44.104016,2021,7.291666507720947,959.4895629882812,-4.900000095367432,272.0
3097190695,Hemidactylium scutatum,-70.395186,43.45362,2021,7.86566686630249,900.4729614257812,-3.4240000247955322,287.0
3090692480,Lithobates pipiens,-68.818589,44.927272,2021,6.328499794006348,1025.414794921875,-6.774666786193848,246.0
3070747640,Hemidactylium scutatum,-70.482553,43.35462,2021,8.032675743103027,906.893310546875,-3.3201754093170166,282.0
3070404814,Hemidactylium scutatum,-70.482567,43.354722,2021,8.032675743103027,906.893310546875,-3.3201754093170166,282.0
3070378692,Hemidactylium scutatum,-70.479972,43.354862,2021,8.032675743103027,906.893310546875,-3.3201754093170166,282.0
3061679109,Lithobates pipiens,-69.53335,45.494775,2013,3.87933349609375,1089.968994140625,-10.005999565124512,228.0
2992768728,Lithobates pipiens,-68.81016,44.92947,2020,6.328499794006348,1025.414794921875,-6.774666786193848,246.0
2992658482,Lithobates pipiens,-68.75452,44.727117,2020,6.747833251953125,1006.8766479492188,-6.134666919708252,268.0
2988402739,Lithobates pipiens,-67.195898,44.84411,2020,6.197999954223633,951.7337036132812,-5.979333400726318,307.0
2988363681,Eurycea bislineata,-70.919908,43.214372,2020,,,,
2984561671,Lithobates pipiens,-68.808101,44.929803,2020,6.328499794006348,1025.414794921875,-6.774666786193848,246.0
2980961622,Hemidactylium scutatum,-70.771631,43.152996,2020,8.51883316040039,925.3447875976562,-3.0873332023620605,265.0
2980858555,Lithobates pipiens,-68.817662,44.925657,2020,6.328499794006348,1025.414794921875,-6.774666786193848,246.0
2980834506,Eurycea bislineata,-69.09929,44.186944,2020,7.210999965667725,931.3956298828125,-4.633333206176758,303.0
2980786484,Lithobates pipiens,-68.808183,44.92979,2020,6.328499794006348,1025.414794921875,-6.774666786193848,246.0
2963932691,Lithobates pipiens,-68.817978,44.926303,2020,6.328499794006348,1025.414794921875,-6.774666786193848,246.0
2963910676,Lithobates pipiens,-68.817966,44.926255,2020,6.328499794006348,1025.414794921875,-6.774666786193848,246.0
2963871655,Lithobates pipiens,-68.817907,44.926174,2020,6.328499794006348,1025.414794921875,-6.774666786193848,246.0
2963789172,Hemidactylium scutatum,-70.771229,43.153631,2020,8.51883316040039,925.3447875976562,-3.0873332023620605,265.0
2963784917,Lithobates pipiens,-68.753126,44.865155,2009,6.592499732971191,1020.1878662109375,-6.4720001220703125,253.0
2901779218,Lithobates pipiens,-68.817623,44.925577,2020,6.328499794006348,1025.414794921875,-6.774666786193848,246.0
2901689227,Lithobates pipiens,-68.817914,44.926204,2020,6.328499794006348,1025.414794921875,-6.774666786193848,246.0
2901597634,Lithobates pipiens,-68.817809,44.925754,2020,6.328499794006348,1025.414794921875,-6.774666786193848,246.0
2901508174,Lithobates pipiens,-68.817937,44.926262,2020,6.328499794006348,1025.414794921875,-6.774666786193848,246.0
2898510571,Lithobates pipiens,-68.817735,44.925711,2020,6.328499794006348,1025.414794921875,-6.774666786193848,246.0
2898474567,Hemidactylium scutatum,-70.771222,43.15381,2020,8.51883316040039,925.3447875976562,-3.0873332023620605,265.0
2898434835,Lithobates pipiens,-68.807745,44.929861,2020,6.328499794006348,1025.414794921875,-6.774666786193848,246.0
2898343834,Lithobates pipiens,-68.816777,44.928405,2020,6.328499794006348,1025.414794921875,-6.774666786193848,246.0
2898329839,Lithobates pipiens,-68.817755,44.925375,2020,6.328499794006348,1025.414794921875,-6.774666786193848,246.0
2883213729,Lithobates pipiens,-68.81786,44.925928,2020,6.328499794006348,1025.414794921875,-6.774666786193848,246.0
2883202595,Lithobates pipiens,-68.816973,44.928382,2020,6.328499794006348,1025.414794921875,-6.774666786193848,246.0
2883147921,Lithobates pipiens,-68.818091,44.92664,2020,6.328499794006348,1025.414794921875,-6.774666786193848,246.0
2883070215,Lithobates pipiens,-68.81812,44.926603,2020,6.328499794006348,1025.414794921875,-6.774666786193848,246.0
2873999711,Lithobates pipiens,-68.818052,44.926417,2020,6.328499794006348,1025.414794921875,-6.774666786193848,246.0
2873980490,Lithobates pipiens,-68.81838,44.927146,2020,6.328499794006348,1025.414794921875,-6.774666786193848,246.0
2873976215,Lithobates pipiens,-68.814004,44.928846,2020,6.328499794006348,1025.414794921875,-6.774666786193848,246.0
2873966173,Lithobates pipiens,-68.811296,44.92924,2020,6.328499794006348,1025.414794921875,-6.774666786193848,246.0
2873962816,Lithobates pipiens,-68.807732,44.929858,2020,6.328499794006348,1025.414794921875,-6.774666786193848,246.0
2873906131,Lithobates pipiens,-68.817891,44.926121,2020,6.328499794006348,1025.414794921875,-6.774666786193848,246.0
2873886258,Lithobates pipiens,-68.80977,44.929554,2020,6.328499794006348,1025.414794921875,-6.774666786193848,246.0
2873829305,Lithobates pipiens,-68.817803,44.925865,2020,6.328499794006348,1025.414794921875,-6.774666786193848,246.0
2873796997,Lithobates pipiens,-68.817932,44.926399,2020,6.328499794006348,1025.414794921875,-6.774666786193848,246.0
2873792001,Lithobates pipiens,-68.818298,44.926933,2020,6.328499794006348,1025.414794921875,-6.774666786193848,246.0
2873787238,Lithobates pipiens,-68.814428,44.928746,2020,6.328499794006348,1025.414794921875,-6.774666786193848,246.0
2873786221,Lithobates pipiens,-68.817969,44.926181,2020,6.328499794006348,1025.414794921875,-6.774666786193848,246.0
2873771905,Lithobates pipiens,-68.81799,44.925761,2020,6.328499794006348,1025.414794921875,-6.774666786193848,246.0
2868099105,Lithobates pipiens,-69.184433,44.746898,2010,6.289999961853027,1015.9970092773438,-6.706666469573975,257.0
2864818725,Lithobates pipiens,-68.76693,44.824783,2020,7.00333309173584,1028.0465087890625,-6.188000202178955,257.0
2864614570,Lithobates pipiens,-68.808044,44.929705,2020,6.328499794006348,1025.414794921875,-6.774666786193848,246.0
2864588961,Lithobates pipiens,-68.76583,44.824547,2020,7.00333309173584,1028.0465087890625,-6.188000202178955,257.0
2864583791,Lithobates pipiens,-69.255692,46.756025,2020,3.1663331985473633,1126.8846435546875,-11.42733383178711,201.0
2862502725,Lithobates pipiens,-68.94053,44.944848,2020,6.230833053588867,1027.0938720703125,-6.906000137329102,246.0
2862499604,Lithobates pipiens,-68.814835,44.928689,2020,6.328499794006348,1025.414794921875,-6.774666786193848,246.0
2862488035,Lithobates pipiens,-70.190495,44.247152,2020,6.722833156585693,1005.3626098632812,-6.095333099365234,271.0
2862381652,Lithobates pipiens,-68.627802,44.868561,2020,6.544000148773193,1010.6740112304688,-6.3919997215271,255.0
2862294704,Eurycea bislineata,-69.03978,44.979067,2020,6.074166774749756,1035.488037109375,-7.188666820526123,247.0
2862282593,Lithobates pipiens,-68.81266,44.929046,2020,6.328499794006348,1025.414794921875,-6.774666786193848,246.0
2860127719,Lithobates pipiens,-69.375458,46.319699,2020,3.438500165939331,1113.6993408203125,-10.887332916259766,200.0
2860080203,Lithobates pipiens,-69.255625,46.756058,2020,3.1663331985473633,1126.8846435546875,-11.42733383178711,201.0
2859987907,Hemidactylium scutatum,-68.754968,44.719256,2020,6.747833251953125,1006.8766479492188,-6.134666919708252,268.0
2859931901,Lithobates pipiens,-68.807506,44.929712,2020,6.328499794006348,1025.414794921875,-6.774666786193848,246.0
2859922540,Lithobates pipiens,-68.161815,46.091871,2020,4.18583345413208,1107.2666015625,-10.13266658782959,224.0
2856624827,Eurycea bislineata,-69.080505,46.973241,2020,2.887333393096924,1132.3070068359375,-11.797332763671875,209.0
2856563614,Lithobates pipiens,-68.815942,44.928557,2020,6.328499794006348,1025.414794921875,-6.774666786193848,246.0
2856547504,Lithobates pipiens,-68.789742,45.093197,2020,5.994999885559082,1037.5826416015625,-7.283999919891357,243.0
2856521616,Lithobates pipiens,-68.815676,44.928725,2020,6.328499794006348,1025.414794921875,-6.774666786193848,246.0
2851322432,Lithobates pipiens,-68.80896,44.929643,2020,6.328499794006348,1025.414794921875,-6.774666786193848,246.0
2851302492,Lithobates pipiens,-68.812142,44.928983,2020,6.328499794006348,1025.414794921875,-6.774666786193848,246.0
2851291086,Lithobates pipiens,-68.761432,44.829841,2020,7.00333309173584,1028.0465087890625,-6.188000202178955,257.0
2851139414,Lithobates pipiens,-68.813179,44.929002,2020,6.328499794006348,1025.414794921875,-6.774666786193848,246.0
2851132388,Lithobates pipiens,-68.812254,44.929145,2020,6.328499794006348,1025.414794921875,-6.774666786193848,246.0
2850922425,Lithobates pipiens,-68.807826,44.929594,2020,6.328499794006348,1025.414794921875,-6.774666786193848,246.0
2850902422,Eurycea bislineata,-70.149743,43.865824,2020,7.3495001792907715,950.70849609375,-4.673333168029785,291.0
2850896424,Lithobates pipiens,-68.818358,44.924769,2020,6.328499794006348,1025.414794921875,-6.774666786193848,246.0
2850827462,Lithobates pipiens,-68.405388,46.633257,2020,3.49916672706604,1148.640869140625,-11.461333274841309,194.0
2826289700,Lithobates pipiens,-68.750812,44.725551,2020,6.747833251953125,1006.8766479492188,-6.134666919708252,268.0
2826147369,Eurycea bislineata,-69.383321,44.95233,2019,5.851166725158691,1040.6531982421875,-7.4639997482299805,240.0
2823356633,Eurycea bislineata,-67.494227,44.740504,2020,6.238500118255615,957.5205688476562,-6.011333465576172,329.0
2818875497,Eurycea bislineata,-68.7253,44.737266,2020,6.654333114624023,1004.6091918945312,-6.202000141143799,272.0
2818774208,Hemidactylium scutatum,-70.507988,43.925844,2020,6.952499866485596,980.5855102539062,-5.461333274841309,282.0
2814352371,Lithobates pipiens,-68.818465,44.927285,2020,6.328499794006348,1025.414794921875,-6.774666786193848,246.0
2814224527,Lithobates pipiens,-68.756534,44.729515,2020,6.747833251953125,1006.8766479492188,-6.134666919708252,268.0
2814045372,Lithobates pipiens,-68.817491,44.925146,2020,6.328499794006348,1025.414794921875,-6.774666786193848,246.0
2802733792,Lithobates pipiens,-68.517691,44.976425,2020,6.1536664962768555,1020.2416381835938,-6.891333103179932,259.0
2802622121,Lithobates pipiens,-68.784037,44.989633,2020,6.2838335037231445,1025.2115478515625,-6.815999984741211,244.0
2641371840,Lithobates pipiens,-67.746325,45.18666,2020,5.818166732788086,1023.8869018554688,-7.264666557312012,284.0
2634545327,Eurycea bislineata,-69.620373,44.103675,2020,7.291666507720947,959.4895629882812,-4.900000095367432,272.0
2634519817,Lithobates pipiens,-68.523199,44.974799,2020,6.1536664962768555,1020.2416381835938,-6.891333103179932,259.0
2634223534,Lithobates pipiens,-68.950199,46.025551,2013,2.5945000648498535,1104.54296875,-11.509333610534668,231.0
2634107843,Hemidactylium scutatum,-70.508922,43.927632,2020,6.952499866485596,980.5855102539062,-5.461333274841309,282.0
2626237163,Eurycea bislineata,-68.731507,44.608621,2020,6.809333324432373,984.707275390625,-5.7773332595825195,287.0
2626185722,Eurycea bislineata,-69.62399,44.136154,2020,7.195333003997803,965.7000122070312,-5.088666915893555,270.0
2620168550,Eurycea bislineata,-69.385313,44.447708,2020,6.376500129699707,987.0676879882812,-6.163333415985107,271.0
2611364890,Eurycea bislineata,-69.385253,44.447647,2020,6.376500129699707,987.0676879882812,-6.163333415985107,271.0
2609268065,Hemidactylium scutatum,-69.38607,44.44777,2020,6.376500129699707,987.0676879882812,-6.163333415985107,271.0
2609230055,Eurycea bislineata,-70.538869,44.817054,2018,3.809166669845581,1049.9385986328125,-9.581999778747559,255.0
2603486042,Hemidactylium scutatum,-68.669484,44.919251,2020,6.475833415985107,1022.7228393554688,-6.615333557128906,244.0
2603478087,Hemidactylium scutatum,-70.250708,43.999273,2020,7.0351667404174805,978.0534057617188,-5.384666442871094,284.0
2603429910,Hemidactylium scutatum,-68.669417,44.919011,2020,6.475833415985107,1022.7228393554688,-6.615333557128906,244.0
2603294642,Hemidactylium scutatum,-68.66906,44.918617,2020,6.475833415985107,1022.7228393554688,-6.615333557128906,244.0
2597865943,Hemidactylium scutatum,-68.668673,44.917769,2020,6.475833415985107,1022.7228393554688,-6.615333557128906,244.0
2597856013,Hemidactylium scutatum,-69.658648,43.8739,2020,7.671229839324951,873.7918701171875,-3.2452380657196045,292.0
2597819947,Hemidactylium scutatum,-70.358963,43.842671,2020,7.060999870300293,969.4967041015625,-5.2586669921875,289.0
2597748745,Eurycea bislineata,-70.400741,43.709464,2019,7.323166847229004,962.533447265625,-4.924000263214111,286.0
2597728790,Lithobates pipiens,-68.751056,44.725737,2019,6.747833251953125,1006.8766479492188,-6.134666919708252,268.0
2597722915,Hemidactylium scutatum,-68.657577,44.899814,2020,6.609499931335449,1018.5863647460938,-6.425333499908447,249.0
2597703708,Eurycea bislineata,-68.205865,44.361407,2016,6.956127166748047,919.78564453125,-4.695097923278809,374.0
2596424408,Hemidactylium scutatum,-68.669279,44.918736,2020,6.475833415985107,1022.7228393554688,-6.615333557128906,244.0
2596393354,Hemidactylium scutatum,-68.669432,44.919173,2020,6.475833415985107,1022.7228393554688,-6.615333557128906,244.0
2579251009,Hemidactylium scutatum,-70.439965,43.511646,2014,7.809833526611328,939.0907592773438,-4.049333095550537,286.0
2576300338,Lithobates pipiens,-68.217781,45.239171,2010,5.711666584014893,1044.6785888671875,-7.666666507720947,269.0
2574252479,Eurycea bislineata,-68.177417,44.338995,2011,6.956127166748047,919.78564453125,-4.695097923278809,374.0
2532976245,Lithobates pipiens,-70.5453,44.2139,,6.454833507537842,1014.0440673828125,-6.509999752044678,261.0
2518985317,Lithobates pipiens,-68.5833,44.7919,,6.529333114624023,1011.2703857421875,-6.420666694641113,270.0
2465365787,Eurycea bislineata,-68.566247,44.939942,2019,6.275833606719971,1018.7763671875,-6.756666660308838,256.0
2465211147,Eurycea bislineata,-68.566247,44.939942,2019,6.275833606719971,1018.7763671875,-6.756666660308838,256.0
2429489670,Eurycea bislineata,-69.3854,44.447688,2019,6.376500129699707,987.0676879882812,-6.163333415985107,271.0
2429316895,Eurycea bislineata,-70.900252,44.573301,2019,4.391166687011719,1019.8433837890625,-8.555333137512207,241.0
2429295811,Eurycea bislineata,-70.017183,44.131123,2019,6.880833625793457,994.9031372070312,-5.7826666831970215,277.0
2423206692,Lithobates pipiens,-68.548858,44.995232,2019,6.215666770935059,1022.820556640625,-6.889999866485596,254.0
2423165265,Lithobates pipiens,-68.790038,45.092995,2019,5.994999885559082,1037.5826416015625,-7.283999919891357,243.0
2423086465,Lithobates pipiens,-68.522354,44.990467,2019,6.1536664962768555,1020.2416381835938,-6.891333103179932,259.0
2423083814,Lithobates pipiens,-68.522022,44.99048,2019,6.1536664962768555,1020.2416381835938,-6.891333103179932,259.0
2423083648,Lithobates pipiens,-68.78838,44.887959,2019,6.487833023071289,1021.14892578125,-6.556666851043701,247.0
2422909307,Lithobates pipiens,-69.199893,44.755256,2019,6.313833236694336,1021.4426879882812,-6.755333423614502,252.0
2366076025,Lithobates pipiens,-68.724613,44.87087,2019,6.577000141143799,1016.5341796875,-6.431999683380127,254.0
2366055823,Lithobates pipiens,-68.72753,44.896978,2019,6.447999954223633,1016.3721923828125,-6.537999629974365,248.0
2332164703,Eurycea bislineata,-69.340895,44.608194,2017,6.595666885375977,1005.7623291015625,-6.246000289916992,250.0
2294576719,Lithobates pipiens,-68.719529,45.40116,2015,5.49066686630249,1057.259765625,-8.026000022888184,239.0
2294575758,Lithobates pipiens,-68.720428,45.405122,2015,5.49066686630249,1057.259765625,-8.026000022888184,239.0
2294529456,Lithobates pipiens,-68.719903,45.40708,2019,5.49066686630249,1057.259765625,-8.026000022888184,239.0
2283046325,Lithobates pipiens,-68.723624,44.870121,2018,6.577000141143799,1016.5341796875,-6.431999683380127,254.0
2251962958,Eurycea bislineata,-68.63427,44.873013,2019,6.544000148773193,1010.6740112304688,-6.3919997215271,255.0
1987230069,Eurycea bislineata,-70.706035,44.179326,1938,6.329666614532471,1006.8850708007812,-6.517333030700684,264.0
1987228266,Lithobates pipiens,-68.62198,45.864772,1943,4.9066667556762695,1089.0892333984375,-9.062666893005371,221.0
1987219286,Lithobates pipiens,-70.791474,44.944193,1939,3.883666753768921,1060.10498046875,-9.618666648864746,216.0
1987213142,Eurycea bislineata,-69.792271,44.518955,1940,6.641833305358887,1026.1663818359375,-6.414666652679443,237.0
1987209211,Lithobates pipiens,-69.882281,45.051426,1942,5.293666839599609,1054.0712890625,-8.220666885375977,227.0
1987202218,Eurycea bislineata,-67.273075,45.007111,1941,6.0948333740234375,986.3170166015625,-6.548666954040527,295.0
1987199861,Lithobates pipiens,-70.876658,44.205598,1939,6.575833320617676,1012.11328125,-6.331333160400391,258.0
1987190191,Lithobates pipiens,-68.360347,45.624701,1942,5.248833179473877,1071.4515380859375,-8.477333068847656,243.0
1987189139,Lithobates pipiens,-68.1774,44.84475,1942,6.047500133514404,1005.8612060546875,-6.840000152587891,308.0
1987188335,Lithobates pipiens,-69.353288,44.404572,1941,6.567999839782715,979.5513305664062,-5.871333122253418,275.0
1987185127,Lithobates pipiens,-68.69871,45.988787,1942,4.480666637420654,1093.577392578125,-9.529999732971191,213.0
1987181528,Lithobates pipiens,-68.686422,44.908402,1941,6.562333106994629,1017.734375,-6.459333419799805,248.0
1987171151,Eurycea bislineata,-68.956436,46.091156,1953,3.3519999980926514,1108.031005859375,-10.885333061218262,211.0
1987161897,Eurycea bislineata,-70.846844,44.148765,1939,6.438666820526123,1007.8982543945312,-6.427999973297119,266.0
1987157863,Eurycea bislineata,-68.692415,44.883123,1942,6.562333106994629,1017.734375,-6.459333419799805,248.0
1987157595,Lithobates pipiens,-70.861738,44.883943,1939,4.021166801452637,1056.0396728515625,-9.4913330078125,205.0
1987136390,Lithobates pipiens,-70.471122,43.73624,1937,7.199999809265137,971.0001220703125,-5.156000137329102,283.0
1987134821,Eurycea bislineata,-70.742557,43.411194,1937,7.854666709899902,955.5650024414062,-4.2166666984558105,285.0
1987132315,Eurycea bislineata,-70.304832,44.40877,1937,6.188666820526123,1015.3579711914062,-6.7813334465026855,261.0
1987128740,Lithobates pipiens,-68.568358,45.277906,1942,5.836999893188477,1049.0882568359375,-7.574666500091553,249.0
1987128496,Lithobates pipiens,-68.665454,44.900394,1942,6.609499931335449,1018.5863647460938,-6.425333499908447,249.0
1987126408,Lithobates pipiens,-69.330092,44.645975,1941,6.5279998779296875,1011.83154296875,-6.418666839599609,250.0
1987123937,Lithobates pipiens,-68.485895,44.996216,1938,6.079666614532471,1019.1895751953125,-6.949333190917969,265.0
1987120592,Eurycea bislineata,-70.29951,44.407421,1937,6.188666820526123,1015.3579711914062,-6.7813334465026855,261.0
1987104307,Lithobates pipiens,-70.706278,44.980268,1939,3.6678333282470703,1069.7291259765625,-10.036666870117188,226.0
1987099542,Eurycea bislineata,-70.71673,44.166458,1948,6.393166542053223,1003.092041015625,-6.4106669425964355,269.0
1987097397,Eurycea bislineata,-68.55476,44.93015,1943,6.275833606719971,1018.7763671875,-6.756666660308838,256.0
1987096356,Lithobates pipiens,-69.376091,45.146558,1939,5.275333404541016,1055.6348876953125,-8.218000411987305,242.0
1987092493,Lithobates pipiens,-67.841131,46.230884,1936,4.332333564758301,1104.598876953125,-9.975333213806152,236.0
1987080230,Eurycea bislineata,-70.742075,44.166878,1948,6.141833305358887,1003.2992553710938,-6.639333248138428,268.0
1987078355,Lithobates pipiens,-68.671977,44.883125,1942,6.562333106994629,1017.734375,-6.459333419799805,248.0
1987075826,Lithobates pipiens,-69.711365,45.652148,1944,3.82366681098938,1092.9212646484375,-10.041333198547363,209.0
1987074596,Lithobates pipiens,-68.955195,44.869234,1939,6.388000011444092,1020.64404296875,-6.664666652679443,251.0
1987068025,Lithobates pipiens,-68.700255,45.991215,1942,4.480666637420654,1093.577392578125,-9.529999732971191,213.0
1987061999,Lithobates pipiens,-68.702635,44.883121,1942,6.562333106994629,1017.734375,-6.459333419799805,248.0
1987060445,Eurycea bislineata,-70.609226,44.000707,1942,6.680500030517578,1000.630615234375,-6.077333450317383,279.0
1987055654,Lithobates pipiens,-70.470333,43.901464,1931,7.081833362579346,973.9547729492188,-5.197333335876465,282.0
1987049529,Lithobates pipiens,-68.833629,44.974573,1938,6.251999855041504,1026.4354248046875,-6.871333599090576,244.0
1987044140,Lithobates pipiens,-69.50306,45.71705,1944,3.5185000896453857,1104.427490234375,-10.548666000366211,214.0
1987033131,Lithobates pipiens,-70.842296,44.158271,1939,6.438666820526123,1007.8982543945312,-6.427999973297119,266.0
1987033003,Lithobates pipiens,-68.633651,46.14338,1943,4.022500038146973,1112.4180908203125,-10.35866641998291,205.0
1986502347,Eurycea bislineata,-70.472188,45.374887,2018,3.1548333168029785,1075.9852294921875,-10.567999839782715,241.0
1946019419,Eurycea bislineata,-70.102766,45.47342,2018,2.503666639328003,1078.6619873046875,-11.191999435424805,252.0
1946019418,Eurycea bislineata,-70.494,45.465,2018,3.011666774749756,1081.6685791015625,-10.819999694824219,240.0
1946019413,Lithobates pipiens,-69.232948,46.815014,2017,3.0263333320617676,1124.3175048828125,-11.541999816894531,202.0
1946019410,Eurycea bislineata,-70.371464,45.467818,2018,3.3543334007263184,1078.5367431640625,-10.407333374023438,223.0
1946019408,Eurycea bislineata,-70.424,45.463,2018,2.871166706085205,1078.498779296875,-10.87600040435791,246.0
1946019407,Eurycea bislineata,-70.186,45.505,2018,3.0356667041778564,1086.6002197265625,-10.835332870483398,228.0
1946019403,Eurycea bislineata,-70.716,45.514,2018,,,,
1931499106,Lithobates pipiens,-68.161789,46.77348,2018,3.7306666374206543,1140.508056640625,-11.063333511352539,192.0
1901030701,Eurycea bislineata,-69.383928,44.44813,2018,6.376500129699707,987.0676879882812,-6.163333415985107,271.0
1899786494,Lithobates pipiens,-68.7315,44.861187,2018,6.577000141143799,1016.5341796875,-6.431999683380127,254.0
1890078094,Eurycea bislineata,-69.38382,44.44818,2018,6.376500129699707,987.0676879882812,-6.163333415985107,271.0
1890076237,Lithobates pipiens,-69.319253,44.902347,2018,6.002500057220459,1037.68017578125,-7.27400016784668,240.0
1890041074,Eurycea bislineata,-69.936972,43.953153,2018,7.578666687011719,964.7484130859375,-4.659999847412109,291.0
1883965584,Lithobates pipiens,-69.317597,44.89868,2018,6.002500057220459,1037.68017578125,-7.27400016784668,240.0
1883556503,Lithobates pipiens,-67.285573,45.157182,2014,6.078500270843506,997.8213500976562,-6.701999664306641,287.0
1883556396,Lithobates pipiens,-67.287503,45.147828,2014,6.078500270843506,997.8213500976562,-6.701999664306641,287.0
1880496944,Eurycea bislineata,-69.6534,44.561819,2018,6.94350004196167,1025.3370361328125,-6.173333168029785,231.0
1850927607,Lithobates pipiens,-68.567616,44.808696,2018,6.529333114624023,1011.2703857421875,-6.420666694641113,270.0
1847574737,Lithobates pipiens,-67.193283,44.875872,2018,,,,
1847569410,Eurycea bislineata,-70.827187,43.221792,2018,8.292166709899902,947.2133178710938,-3.6433331966400146,264.0
1841332419,Lithobates pipiens,-68.685797,44.909155,2016,6.562333106994629,1017.734375,-6.459333419799805,248.0
1807806322,Lithobates pipiens,-70.35575,43.69828,1898,7.69350004196167,959.7823486328125,-4.504666805267334,288.0
1807276397,Eurycea bislineata,-68.222179,44.308303,2014,6.842187404632568,919.6708984375,-4.809721946716309,377.0
1804137177,Eurycea bislineata,-68.9167,46.1167,1985,3.3519999980926514,1108.031005859375,-10.885333061218262,211.0
1804130867,Eurycea bislineata,-68.75,47.1667,1985,2.7109999656677246,1148.5579833984375,-12.211999893188477,223.0
1804116496,Eurycea bislineata,-68.3,46.6333,1985,3.4133334159851074,1142.4580078125,-11.444666862487793,193.0
1804107850,Eurycea bislineata,-69.6667,45.8167,1985,3.924499988555908,1084.4515380859375,-9.730667114257812,203.0
1640061092,Lithobates pipiens,-68.614941,45.907569,2017,4.756999969482422,1090.1136474609375,-9.215999603271484,220.0
1586945667,Lithobates pipiens,-67.282183,45.137413,2017,6.078500270843506,997.8213500976562,-6.701999664306641,287.0
1586147214,Lithobates pipiens,-68.567775,44.808927,2017,6.529333114624023,1011.2703857421875,-6.420666694641113,270.0
1584430955,Eurycea bislineata,-70.826006,44.317375,2017,5.793333530426025,1009.2984619140625,-7.0366668701171875,251.0
1571104919,Lithobates pipiens,-68.534247,44.969556,2017,6.1536664962768555,1020.2416381835938,-6.891333103179932,259.0
1450584495,Eurycea bislineata,-67.79,45.247,1988,5.627999782562256,1028.5230712890625,-7.508666515350342,284.0
1450584494,Eurycea bislineata,-67.79,45.247,1988,5.627999782562256,1028.5230712890625,-7.508666515350342,284.0
1450584475,Eurycea bislineata,-67.79,45.247,1988,5.627999782562256,1028.5230712890625,-7.508666515350342,284.0
1450584335,Eurycea bislineata,-67.79,45.247,1988,5.627999782562256,1028.5230712890625,-7.508666515350342,284.0
1450583517,Eurycea bislineata,-67.2,45.1,1997,5.975833415985107,986.2644653320312,-6.655333518981934,295.0
1450582943,Eurycea bislineata,-67.79,45.247,1988,5.627999782562256,1028.5230712890625,-7.508666515350342,284.0
1450582615,Lithobates pipiens,-67.3,45.03,1972,5.960666656494141,988.7095947265625,-6.716000080108643,298.0
1434747678,Eurycea bislineata,-69.178318,44.548797,2016,6.28249979019165,990.1515502929688,-6.316666603088379,277.0
1434747672,Lithobates pipiens,-69.308715,44.681316,2016,6.443833351135254,1014.2817993164062,-6.544666767120361,247.0
1322613191,Eurycea bislineata,-70.7719,45.1075,1931,3.241833209991455,1062.334228515625,-10.332666397094727,242.0
1322391605,Lithobates pipiens,-67.2458,45.0211,1893,6.14633321762085,984.9557495117188,-6.484000205993652,296.0
1322324564,Eurycea bislineata,-70.7719,45.1075,1931,3.241833209991455,1062.334228515625,-10.332666397094727,242.0
1321799416,Lithobates pipiens,-67.2458,45.0211,1893,6.14633321762085,984.9557495117188,-6.484000205993652,296.0
1321779716,Eurycea bislineata,-70.2317,44.0978,1883,7.26966667175293,1003.28759765625,-5.47866678237915,278.0
1321731244,Lithobates pipiens,-68.3278,47.1156,1903,3.181666612625122,1153.251708984375,-11.817333221435547,234.0
1321449186,Lithobates pipiens,-68.5697,44.2661,1897,7.139484405517578,901.86083984375,-4.273809432983398,337.0
1321280856,Eurycea bislineata,-69.0242,44.9983,1950,6.074166774749756,1035.488037109375,-7.188666820526123,247.0
1320804291,Eurycea bislineata,-70.6931,44.9475,1852,3.924999952316284,1060.7750244140625,-9.606666564941406,222.0
1319494417,Eurycea bislineata,-70.2317,44.0978,1883,7.26966667175293,1003.28759765625,-5.47866678237915,278.0
1319404839,Lithobates pipiens,-67.2939,45.1489,1893,,,,
1319377429,Eurycea bislineata,-70.63,43.63,1970,7.187666893005371,972.1944580078125,-5.170666694641113,285.0
1319351196,Lithobates pipiens,-69.9775,44.305,1937,6.815000057220459,1010.205078125,-6.066666603088379,261.0
1318830954,Eurycea bislineata,-70.0361,44.2386,1899,6.884500026702881,1004.2722778320312,-5.9106669425964355,267.0
1317925299,Eurycea bislineata,-70.2317,44.0978,1883,7.26966667175293,1003.28759765625,-5.47866678237915,278.0
1317748603,Eurycea bislineata,-70.2317,44.0978,1883,7.26966667175293,1003.28759765625,-5.47866678237915,278.0
1317688337,Eurycea bislineata,-70.7719,45.1075,1931,3.241833209991455,1062.334228515625,-10.332666397094727,242.0
1317618443,Lithobates pipiens,-67.2458,45.0211,1893,6.14633321762085,984.9557495117188,-6.484000205993652,296.0
1317388364,Eurycea bislineata,-70.2317,44.0978,1883,7.26966667175293,1003.28759765625,-5.47866678237915,278.0
1270057707,Lithobates pipiens,-68.517566,44.984459,2016,6.1536664962768555,1020.2416381835938,-6.891333103179932,259.0
1211003652,Hemidactylium scutatum,-68.873158,44.084536,2015,7.444791793823242,859.118896484375,-3.367500066757202,321.0
1211003650,Eurycea bislineata,-69.064609,44.696578,2015,6.166666507720947,998.5452880859375,-6.575333595275879,276.0
1211003641,Eurycea bislineata,-70.104852,44.566144,2015,6.09499979019165,1027.9342041015625,-7.098666667938232,259.0
1055063548,Eurycea bislineata,-69.875671,44.94359,2014,5.520500183105469,1044.59033203125,-7.881333351135254,233.0
1055063547,Eurycea bislineata,-70.03004,45.236669,2014,4.2143330574035645,1069.87158203125,-9.465332984924316,222.0
1055063545,Eurycea bislineata,-70.683652,44.551064,2014,5.437166690826416,1032.3094482421875,-7.748000144958496,225.0
1039487890,Eurycea bislineata,-69.807997,44.63466,2007,6.258333206176758,1033.4910888671875,-6.961999893188477,236.0
1039487735,Eurycea bislineata,-70.764812,45.004849,2008,3.373666763305664,1062.729248046875,-10.213333129882812,238.0
1039487648,Eurycea bislineata,-69.918979,45.307984,2002,3.88183331489563,1072.2945556640625,-9.812666893005371,224.0
1039485383,Eurycea bislineata,-70.2526,46.1037,1984,,,,
1039485165,Eurycea bislineata,-69.813168,44.726454,2007,6.1541666984558105,1036.317626953125,-7.141333103179932,234.0
1039484219,Eurycea bislineata,-67.5275,45.5458,1985,5.360666751861572,1050.4036865234375,-8.061332702636719,267.0
1039483369,Eurycea bislineata,-70.29031,44.365651,2008,6.39900016784668,1014.8804321289062,-6.585999965667725,265.0
1039481786,Eurycea bislineata,-69.73164,46.70048,1984,3.0886666774749756,1115.422607421875,-11.28933334350586,215.0
1039481433,Eurycea bislineata,-69.975584,44.536664,2008,6.2201666831970215,1020.3197631835938,-6.836666584014893,258.0
1039481023,Eurycea bislineata,-70.001558,44.840419,2008,5.514833450317383,1041.755859375,-7.857999801635742,240.0
1039480455,Eurycea bislineata,-69.918979,45.307984,2002,3.88183331489563,1072.2945556640625,-9.812666893005371,224.0
1039479322,Eurycea bislineata,-70.974515,45.10005,2008,3.493000030517578,1082.17578125,-10.399999618530273,229.0
1039478493,Eurycea bislineata,-69.807997,44.63466,2007,6.258333206176758,1033.4910888671875,-6.961999893188477,236.0
1039478267,Eurycea bislineata,-70.879989,43.45195,2008,7.400833606719971,961.3794555664062,-4.75333309173584,283.0
1039477893,Eurycea bislineata,-70.568531,45.100471,2008,3.622999906539917,1065.786865234375,-10.037333488464355,235.0
1039477127,Eurycea bislineata,-70.888343,44.264367,2007,6.178999900817871,1007.40673828125,-6.668666362762451,249.0
1039476976,Eurycea bislineata,-70.638636,44.283461,2008,6.017333507537842,1005.428955078125,-6.807333469390869,262.0
1039476277,Eurycea bislineata,-70.266165,44.515058,2008,5.9716668128967285,1023.3585205078125,-7.136000156402588,258.0
1039474973,Lithobates pipiens,-68.0164,46.6811,1987,4.0941667556762695,1139.5782470703125,-10.60200023651123,184.0
1039474955,Eurycea bislineata,-69.918979,45.307984,2002,3.88183331489563,1072.2945556640625,-9.812666893005371,224.0
1039474944,Eurycea bislineata,-70.344244,44.013004,2008,6.89633321762085,988.135986328125,-5.677999973297119,284.0
1039474935,Eurycea bislineata,-70.825553,43.462406,2013,7.382166862487793,963.3981323242188,-4.811333179473877,292.0
1039474074,Eurycea bislineata,-70.140994,44.67599,2008,5.76633358001709,1037.781982421875,-7.595333099365234,259.0
1039473517,Eurycea bislineata,-70.884652,44.189301,2007,6.575833320617676,1012.11328125,-6.331333160400391,258.0
1039472516,Eurycea bislineata,-69.372189,44.337701,2009,6.625500202178955,973.9932250976562,-5.748666763305664,280.0
1039472154,Eurycea bislineata,-69.918979,45.307984,2002,3.88183331489563,1072.2945556640625,-9.812666893005371,224.0
1039472149,Eurycea bislineata,-70.293626,45.010971,2008,2.57450008392334,1038.205078125,-10.536666870117188,298.0
1039471900,Eurycea bislineata,-69.918979,45.307984,2003,3.88183331489563,1072.2945556640625,-9.812666893005371,224.0
1039471488,Lithobates pipiens,-68.0164,46.6811,1987,4.0941667556762695,1139.5782470703125,-10.60200023651123,184.0
1039470829,Eurycea bislineata,-70.40886,44.825566,2008,4.876166820526123,1043.5279541015625,-8.49466609954834,237.0
1039470282,Eurycea bislineata,-70.888343,44.264367,2007,6.178999900817871,1007.40673828125,-6.668666362762451,249.0
1039470087,Eurycea bislineata,-70.662306,45.342605,2008,2.8896665573120117,1068.052490234375,-10.752666473388672,268.0
1039469054,Eurycea bislineata,-70.025092,44.084368,2008,6.882833003997803,989.0977783203125,-5.690000057220459,283.0
1039467845,Eurycea bislineata,-69.7197,44.765,1984,6.184333324432373,1042.116943359375,-7.175333023071289,230.0
1039466499,Lithobates pipiens,-70.0367,45.3969,1984,3.86899995803833,1077.8416748046875,-9.90000057220459,213.0
1039466065,Eurycea bislineata,-69.924143,44.630519,2008,6.069333553314209,1029.6822509765625,-7.12666654586792,246.0
1039465236,Eurycea bislineata,-70.373769,45.116477,2008,3.8416666984558105,1052.4803466796875,-9.604000091552734,233.0
1039464991,Eurycea bislineata,-70.732446,45.162947,2008,3.1081666946411133,1065.77197265625,-10.505332946777344,250.0
1039464574,Eurycea bislineata,-70.321411,45.137212,2008,3.0968334674835205,1048.7525634765625,-10.237333297729492,268.0
1039461780,Eurycea bislineata,-69.520562,44.879897,2008,5.9008331298828125,1042.0306396484375,-7.431333541870117,235.0
1039461155,Eurycea bislineata,-70.730295,43.597191,2007,7.161499977111816,970.371826171875,-5.172666549682617,295.0
1039460135,Eurycea bislineata,-70.770647,44.428196,2007,5.695499897003174,1024.6385498046875,-7.38866662979126,234.0
1039459612,Eurycea bislineata,-69.663689,44.953676,2008,5.483500003814697,1044.2437744140625,-7.877333164215088,237.0
1039458439,Eurycea bislineata,-69.833578,45.30269,2003,3.99483323097229,1083.608154296875,-9.868666648864746,224.0
1039457503,Eurycea bislineata,-70.076531,44.58716,2008,6.01200008392334,1031.210205078125,-7.231333255767822,257.0
1039457104,Eurycea bislineata,-69.7197,44.765,1984,6.184333324432373,1042.116943359375,-7.175333023071289,230.0
1039456682,Eurycea bislineata,-69.436258,44.929663,2008,5.5960001945495605,1041.270263671875,-7.714666843414307,246.0
1039456676,Eurycea bislineata,-70.82184,43.466727,1978,7.382166862487793,963.3981323242188,-4.811333179473877,292.0
1039456527,Eurycea bislineata,-69.23219,45.4508,2009,4.490333080291748,1065.958984375,-9.079333305358887,238.0
1039455189,Eurycea bislineata,-70.253322,44.799986,2008,5.2179999351501465,1045.362060546875,-8.209333419799805,242.0
1039454460,Hemidactylium scutatum,-68.6642,45.2386,1988,5.882833003997803,1046.0621337890625,-7.4726667404174805,246.0
1039453722,Eurycea bislineata,-70.980806,44.195269,2007,6.4688334465026855,1006.5697631835938,-6.365333557128906,258.0
924159786,Eurycea bislineata,-68.9125,45.9151,2010,1.7834999561309814,1074.402587890625,-11.720666885375977,272.0
895437672,Lithobates pipiens,-69.5525,45.3353,1979,3.9648334980010986,1074.4100341796875,-9.727999687194824,236.0
861693790,Lithobates pipiens,-69.2498,45.5003,1977,3.253833293914795,1066.4791259765625,-10.26200008392334,256.0
861691367,Eurycea bislineata,-69.2498,45.5003,,3.253833293914795,1066.4791259765625,-10.26200008392334,256.0
861691283,Eurycea bislineata,-69.2498,45.5003,1958,3.253833293914795,1066.4791259765625,-10.26200008392334,256.0
786480049,Lithobates pipiens,-69.96,44.24,1937,7.054499626159668,1004.9155883789062,-5.757999897003174,264.0
786479267,Lithobates pipiens,-69.95,44.23,1941,7.130166530609131,1003.1016235351562,-5.6593337059021,262.0
786479265,Lithobates pipiens,-69.95,44.23,1941,7.130166530609131,1003.1016235351562,-5.6593337059021,262.0
786479263,Lithobates pipiens,-69.95,44.23,1941,7.130166530609131,1003.1016235351562,-5.6593337059021,262.0
786479260,Lithobates pipiens,-69.95,44.23,1941,7.130166530609131,1003.1016235351562,-5.6593337059021,262.0
786479258,Lithobates pipiens,-69.95,44.23,1941,7.130166530609131,1003.1016235351562,-5.6593337059021,262.0
786479255,Lithobates pipiens,-69.95,44.23,1941,7.130166530609131,1003.1016235351562,-5.6593337059021,262.0
786479252,Lithobates pipiens,-69.95,44.23,1941,7.130166530609131,1003.1016235351562,-5.6593337059021,262.0
786479249,Lithobates pipiens,-69.95,44.23,1941,7.130166530609131,1003.1016235351562,-5.6593337059021,262.0
786479246,Lithobates pipiens,-69.95,44.23,1941,7.130166530609131,1003.1016235351562,-5.6593337059021,262.0
786479243,Lithobates pipiens,-69.95,44.23,1941,7.130166530609131,1003.1016235351562,-5.6593337059021,262.0
786475047,Hemidactylium scutatum,-69.96,44.23,1941,7.054499626159668,1004.9155883789062,-5.757999897003174,264.0
786474483,Eurycea bislineata,-69.91,44.29,1941,7.042333126068115,1004.1243896484375,-5.743333339691162,257.0
786474479,Eurycea bislineata,-69.91,44.29,1941,7.042333126068115,1004.1243896484375,-5.743333339691162,257.0
786474477,Eurycea bislineata,-69.91,44.29,1941,7.042333126068115,1004.1243896484375,-5.743333339691162,257.0
786474475,Eurycea bislineata,-69.91,44.29,1941,7.042333126068115,1004.1243896484375,-5.743333339691162,257.0
786474472,Eurycea bislineata,-69.91,44.29,1941,7.042333126068115,1004.1243896484375,-5.743333339691162,257.0
786474470,Eurycea bislineata,-69.91,44.29,1941,7.042333126068115,1004.1243896484375,-5.743333339691162,257.0
786474468,Eurycea bislineata,-69.91,44.29,1941,7.042333126068115,1004.1243896484375,-5.743333339691162,257.0
786474466,Eurycea bislineata,-69.91,44.29,1941,7.042333126068115,1004.1243896484375,-5.743333339691162,257.0
786474168,Eurycea bislineata,-69.91,44.29,1941,7.042333126068115,1004.1243896484375,-5.743333339691162,257.0
786474164,Eurycea bislineata,-69.91,44.29,1941,7.042333126068115,1004.1243896484375,-5.743333339691162,257.0
786474161,Eurycea bislineata,-69.91,44.29,1941,7.042333126068115,1004.1243896484375,-5.743333339691162,257.0
786006655,Eurycea bislineata,-70.91,43.53,1932,7.148333549499512,975.4763793945312,-5.236000061035156,292.0
786006651,Eurycea bislineata,-70.91,43.53,1932,7.148333549499512,975.4763793945312,-5.236000061035156,292.0
786006645,Eurycea bislineata,-70.91,43.53,1932,7.148333549499512,975.4763793945312,-5.236000061035156,292.0
786006639,Eurycea bislineata,-70.91,43.53,1932,7.148333549499512,975.4763793945312,-5.236000061035156,292.0
785974120,Eurycea bislineata,-69.13,46.95,1929,2.8936667442321777,1129.7584228515625,-11.750666618347168,206.0
687002652,Lithobates pipiens,-69.3839,44.7825,1998,6.307833194732666,1027.23974609375,-6.859333515167236,238.0
687000273,Lithobates pipiens,-69.3839,44.7825,1998,6.307833194732666,1027.23974609375,-6.859333515167236,238.0
686723484,Eurycea bislineata,-70.9103,43.5342,1932,7.148333549499512,975.4763793945312,-5.236000061035156,292.0
686723482,Eurycea bislineata,-70.9103,43.5342,1932,7.148333549499512,975.4763793945312,-5.236000061035156,292.0
686723481,Eurycea bislineata,-70.9103,43.5342,1932,7.148333549499512,975.4763793945312,-5.236000061035156,292.0
686723479,Eurycea bislineata,-70.9103,43.5342,1932,7.148333549499512,975.4763793945312,-5.236000061035156,292.0
686723478,Eurycea bislineata,-70.9103,43.5342,1932,7.148333549499512,975.4763793945312,-5.236000061035156,292.0
686723476,Eurycea bislineata,-70.9103,43.5342,1932,7.148333549499512,975.4763793945312,-5.236000061035156,292.0
686723475,Eurycea bislineata,-70.9103,43.5342,1932,7.148333549499512,975.4763793945312,-5.236000061035156,292.0
686723473,Eurycea bislineata,-70.9103,43.5342,1932,7.148333549499512,975.4763793945312,-5.236000061035156,292.0
686723472,Eurycea bislineata,-70.9103,43.5342,1932,7.148333549499512,975.4763793945312,-5.236000061035156,292.0
686723471,Eurycea bislineata,-70.9103,43.5342,1932,7.148333549499512,975.4763793945312,-5.236000061035156,292.0
686723470,Eurycea bislineata,-70.9103,43.5342,1932,7.148333549499512,975.4763793945312,-5.236000061035156,292.0
686723469,Eurycea bislineata,-70.9103,43.5342,1932,7.148333549499512,975.4763793945312,-5.236000061035156,292.0
543641654,Eurycea bislineata,-70.943714,44.548875,1921,3.7696666717529297,1014.6351928710938,-9.076666831970215,274.0
543641653,Eurycea bislineata,-70.943714,44.548875,1921,3.7696666717529297,1014.6351928710938,-9.076666831970215,274.0
543641652,Eurycea bislineata,-70.943714,44.548875,1921,3.7696666717529297,1014.6351928710938,-9.076666831970215,274.0
543641651,Eurycea bislineata,-70.943714,44.548875,1921,3.7696666717529297,1014.6351928710938,-9.076666831970215,274.0
543641650,Eurycea bislineata,-70.9292,43.7269,1921,6.673666477203369,983.27392578125,-5.821333408355713,302.0
543641649,Eurycea bislineata,-70.9292,43.7269,1921,6.673666477203369,983.27392578125,-5.821333408355713,302.0
543641648,Eurycea bislineata,-70.9292,43.7269,1921,6.673666477203369,983.27392578125,-5.821333408355713,302.0
543641647,Eurycea bislineata,-70.9292,43.7269,1921,6.673666477203369,983.27392578125,-5.821333408355713,302.0
543641603,Lithobates pipiens,-70.9292,43.7269,1921,6.673666477203369,983.27392578125,-5.821333408355713,302.0
543474394,Lithobates pipiens,-70.6272,43.8414,1906,6.880666732788086,976.7943115234375,-5.546000003814697,284.0
476794858,Eurycea bislineata,-69.29657,45.2861,1978,5.376833438873291,1058.367431640625,-8.060667037963867,239.0
476634541,Lithobates pipiens,-70.54105,43.85125,,7.247499942779541,947.6463012695312,-4.4633331298828125,281.0
476634540,Lithobates pipiens,-70.54105,43.85125,,7.247499942779541,947.6463012695312,-4.4633331298828125,281.0
476632727,Lithobates pipiens,-71.01062,44.69425,1863,4.192333221435547,1052.97509765625,-9.27400016784668,205.0
476632726,Lithobates pipiens,-71.01062,44.69425,1863,4.192333221435547,1052.97509765625,-9.27400016784668,205.0
476632610,Lithobates pipiens,-71.01062,44.69425,1863,4.192333221435547,1052.97509765625,-9.27400016784668,205.0
476632609,Lithobates pipiens,-71.01062,44.69425,1863,4.192333221435547,1052.97509765625,-9.27400016784668,205.0
476628624,Lithobates pipiens,-71.01062,44.69425,1863,4.192333221435547,1052.97509765625,-9.27400016784668,205.0
476628623,Lithobates pipiens,-71.01062,44.69425,1863,4.192333221435547,1052.97509765625,-9.27400016784668,205.0
476626376,Eurycea bislineata,-69.2561,44.20586,1979,7.30150032043457,953.2941284179688,-4.861999988555908,286.0
476626375,Eurycea bislineata,-69.2561,44.20586,1979,7.30150032043457,953.2941284179688,-4.861999988555908,286.0
476626264,Eurycea bislineata,-69.2561,44.20586,1979,7.30150032043457,953.2941284179688,-4.861999988555908,286.0
476626263,Eurycea bislineata,-69.2561,44.20586,1979,7.30150032043457,953.2941284179688,-4.861999988555908,286.0
476626262,Eurycea bislineata,-69.2561,44.20586,1979,7.30150032043457,953.2941284179688,-4.861999988555908,286.0
476614796,Eurycea bislineata,-70.56432,44.8644,1978,3.5318334102630615,1052.085693359375,-9.887333869934082,252.0
476614794,Eurycea bislineata,-68.9639,45.6628,1978,4.921000003814697,1082.060302734375,-8.923333168029785,218.0
476614692,Eurycea bislineata,-69.29657,45.2861,1978,5.376833438873291,1058.367431640625,-8.060667037963867,239.0
476614691,Eurycea bislineata,-69.29657,45.2861,1978,5.376833438873291,1058.367431640625,-8.060667037963867,239.0
476614690,Eurycea bislineata,-69.29657,45.2861,1978,5.376833438873291,1058.367431640625,-8.060667037963867,239.0
476614689,Eurycea bislineata,-69.29657,45.2861,1978,5.376833438873291,1058.367431640625,-8.060667037963867,239.0
476614688,Eurycea bislineata,-69.29657,45.2861,1978,5.376833438873291,1058.367431640625,-8.060667037963867,239.0
476614584,Eurycea bislineata,-69.29657,45.2861,1978,5.376833438873291,1058.367431640625,-8.060667037963867,239.0
476614583,Eurycea bislineata,-69.29657,45.2861,1978,5.376833438873291,1058.367431640625,-8.060667037963867,239.0
476614582,Eurycea bislineata,-69.29657,45.2861,1978,5.376833438873291,1058.367431640625,-8.060667037963867,239.0
476614581,Eurycea bislineata,-69.29657,45.2861,1978,5.376833438873291,1058.367431640625,-8.060667037963867,239.0
476614580,Eurycea bislineata,-69.29657,45.2861,1978,5.376833438873291,1058.367431640625,-8.060667037963867,239.0
476614476,Eurycea bislineata,-69.29657,45.2861,1978,5.376833438873291,1058.367431640625,-8.060667037963867,239.0
476614475,Eurycea bislineata,-69.29657,45.2861,1978,5.376833438873291,1058.367431640625,-8.060667037963867,239.0
476582754,Hemidactylium scutatum,-68.2044,44.3875,1997,,,,
476572869,Lithobates pipiens,-70.5453,44.2139,,6.454833507537842,1014.0440673828125,-6.509999752044678,261.0
476559582,Lithobates pipiens,-68.5833,44.7919,,6.529333114624023,1011.2703857421875,-6.420666694641113,270.0
476552816,Lithobates pipiens,-71.01062,44.69425,,4.192333221435547,1052.97509765625,-9.27400016784668,205.0
476552718,Lithobates pipiens,-70.5453,44.2139,1863,6.454833507537842,1014.0440673828125,-6.509999752044678,261.0
476552521,Lithobates pipiens,-69.6781,44.4592,,6.860833168029785,1014.2239990234375,-6.101999759674072,232.0
476552390,Eurycea bislineata,-70.5453,44.2139,1863,6.454833507537842,1014.0440673828125,-6.509999752044678,261.0
476552389,Eurycea bislineata,-70.5011,44.2597,1863,6.3451666831970215,1014.2173461914062,-6.610666751861572,259.0
476552388,Eurycea bislineata,-70.5011,44.2597,1863,6.3451666831970215,1014.2173461914062,-6.610666751861572,259.0
476547862,Eurycea bislineata,-70.6433,44.9664,,3.7065000534057617,1073.615478515625,-10.053999900817871,227.0
476547667,Eurycea bislineata,-70.6433,44.9664,,3.7065000534057617,1073.615478515625,-10.053999900817871,227.0
476526445,Lithobates pipiens,-67.40472,45.15702,1940,6.062833309173584,1007.3968505859375,-6.840000152587891,284.0
476526444,Lithobates pipiens,-67.40472,45.15702,1940,6.062833309173584,1007.3968505859375,-6.840000152587891,284.0
476526443,Lithobates pipiens,-67.40472,45.15702,1940,6.062833309173584,1007.3968505859375,-6.840000152587891,284.0
476526442,Lithobates pipiens,-67.40472,45.15702,1940,6.062833309173584,1007.3968505859375,-6.840000152587891,284.0
476526441,Lithobates pipiens,-67.40472,45.15702,1940,6.062833309173584,1007.3968505859375,-6.840000152587891,284.0
476526440,Lithobates pipiens,-67.40472,45.15702,1940,6.062833309173584,1007.3968505859375,-6.840000152587891,284.0
476526129,Lithobates pipiens,-67.40472,45.15702,1940,6.062833309173584,1007.3968505859375,-6.840000152587891,284.0
476524862,Lithobates pipiens,-67.40472,45.15702,1940,6.062833309173584,1007.3968505859375,-6.840000152587891,284.0
476511119,Eurycea bislineata,-70.6433,44.9664,,3.7065000534057617,1073.615478515625,-10.053999900817871,227.0
476511118,Eurycea bislineata,-70.6433,44.9664,,3.7065000534057617,1073.615478515625,-10.053999900817871,227.0
476511117,Eurycea bislineata,-70.6433,44.9664,,3.7065000534057617,1073.615478515625,-10.053999900817871,227.0
476510655,Lithobates pipiens,-70.15111,45.95194,1992,2.746000051498413,1112.502197265625,-11.450666427612305,215.0
476486873,Eurycea bislineata,-69.2561,44.20586,1979,7.30150032043457,953.2941284179688,-4.861999988555908,286.0
476484754,Eurycea bislineata,-69.29657,45.2861,1978,5.376833438873291,1058.367431640625,-8.060667037963867,239.0
476473989,Lithobates pipiens,-70.5453,44.2139,,6.454833507537842,1014.0440673828125,-6.509999752044678,261.0
476471512,Lithobates pipiens,-67.40472,45.15702,1940,6.062833309173584,1007.3968505859375,-6.840000152587891,284.0
476471496,Lithobates pipiens,-67.40472,45.15702,1940,6.062833309173584,1007.3968505859375,-6.840000152587891,284.0
